/*
SQLyog Community v11.52 (64 bit)
MySQL - 10.1.32-MariaDB : Database - bmw
*********************************************************************
*/

/*!40101 SET NAMES utf8 */;

/*!40101 SET SQL_MODE=''*/;

/*!40014 SET @OLD_UNIQUE_CHECKS=@@UNIQUE_CHECKS, UNIQUE_CHECKS=0 */;
/*!40014 SET @OLD_FOREIGN_KEY_CHECKS=@@FOREIGN_KEY_CHECKS, FOREIGN_KEY_CHECKS=0 */;
/*!40101 SET @OLD_SQL_MODE=@@SQL_MODE, SQL_MODE='NO_AUTO_VALUE_ON_ZERO' */;
/*!40111 SET @OLD_SQL_NOTES=@@SQL_NOTES, SQL_NOTES=0 */;
CREATE DATABASE /*!32312 IF NOT EXISTS*/`bmw` /*!40100 DEFAULT CHARACTER SET latin1 */;

USE `bmw`;

/*Table structure for table `admin` */

DROP TABLE IF EXISTS `admin`;

CREATE TABLE `admin` (
  `a_id` int(11) NOT NULL AUTO_INCREMENT,
  `name` varchar(250) DEFAULT NULL,
  `email` varchar(250) DEFAULT NULL,
  `mobile_number` varchar(250) DEFAULT NULL,
  `gender` varchar(250) DEFAULT NULL,
  `address` text,
  `password` varchar(250) DEFAULT NULL,
  `org_password` varchar(250) DEFAULT NULL,
  `profile_pic` varchar(250) DEFAULT NULL,
  `status` int(11) DEFAULT '1',
  `created_at` datetime DEFAULT NULL,
  `updated_at` datetime DEFAULT NULL,
  PRIMARY KEY (`a_id`)
) ENGINE=InnoDB AUTO_INCREMENT=2 DEFAULT CHARSET=latin1;

/*Data for the table `admin` */

insert  into `admin`(`a_id`,`name`,`email`,`mobile_number`,`gender`,`address`,`password`,`org_password`,`profile_pic`,`status`,`created_at`,`updated_at`) values (1,'admin','admin@gmail.com','',NULL,NULL,'e10adc3949ba59abbe56e057f20f883e','123456',NULL,1,NULL,NULL);

/*Table structure for table `bill_invoice` */

DROP TABLE IF EXISTS `bill_invoice`;

CREATE TABLE `bill_invoice` (
  `b_i_id` int(12) NOT NULL AUTO_INCREMENT,
  `h_m_b_id` int(12) DEFAULT NULL,
  `hospital_name` longtext,
  `month_name` varchar(250) DEFAULT NULL,
  `year_name` varchar(250) DEFAULT NULL,
  `prev_balance_amount` varchar(250) DEFAULT NULL,
  `total_amount` varchar(250) DEFAULT NULL,
  `paid_amount` varchar(250) DEFAULT NULL,
  `pending_amount` varchar(250) DEFAULT NULL,
  `amount` varchar(250) DEFAULT NULL,
  `status` int(12) DEFAULT '1',
  `created_at` timestamp NOT NULL DEFAULT CURRENT_TIMESTAMP ON UPDATE CURRENT_TIMESTAMP,
  `updated_at` timestamp NOT NULL DEFAULT '0000-00-00 00:00:00',
  `created_by` int(12) DEFAULT NULL,
  PRIMARY KEY (`b_i_id`)
) ENGINE=InnoDB DEFAULT CHARSET=latin1;

/*Data for the table `bill_invoice` */

/*Table structure for table `district` */

DROP TABLE IF EXISTS `district`;

CREATE TABLE `district` (
  `d_id` int(11) NOT NULL AUTO_INCREMENT,
  `name` longtext,
  `status` int(12) DEFAULT '1',
  `created_at` datetime DEFAULT NULL,
  `updated_at` datetime DEFAULT NULL,
  `created_by` int(12) DEFAULT NULL,
  PRIMARY KEY (`d_id`)
) ENGINE=InnoDB AUTO_INCREMENT=4 DEFAULT CHARSET=latin1;

/*Data for the table `district` */

insert  into `district`(`d_id`,`name`,`status`,`created_at`,`updated_at`,`created_by`) values (1,'Ranga Reddy  -Region I ',1,NULL,NULL,NULL),(2,'Ranga Reddy -Region II',1,NULL,NULL,NULL),(3,'NALGONDA',1,NULL,NULL,NULL);

/*Table structure for table `expenditure` */

DROP TABLE IF EXISTS `expenditure`;

CREATE TABLE `expenditure` (
  `e_id` int(11) NOT NULL AUTO_INCREMENT,
  `district` varchar(250) DEFAULT NULL,
  `town` varchar(250) DEFAULT NULL,
  `particulars` longtext,
  `image` varchar(250) DEFAULT NULL,
  `org_image` varchar(250) DEFAULT NULL,
  `received_by` longtext,
  `amount` varchar(250) DEFAULT NULL,
  `payment_type` varchar(250) DEFAULT NULL,
  `trans_action_no` longtext,
  `cheque_no` longtext,
  `date` varchar(250) DEFAULT NULL,
  `status` int(12) DEFAULT '1',
  `created_at` timestamp NOT NULL DEFAULT CURRENT_TIMESTAMP ON UPDATE CURRENT_TIMESTAMP,
  `updated_at` timestamp NOT NULL DEFAULT '0000-00-00 00:00:00',
  `created_by` int(12) DEFAULT NULL,
  `notification_status` int(12) DEFAULT '1' COMMENT '1=active;2=delete;3=edit;0=deactive;',
  PRIMARY KEY (`e_id`)
) ENGINE=InnoDB DEFAULT CHARSET=latin1;

/*Data for the table `expenditure` */

/*Table structure for table `hospital` */

DROP TABLE IF EXISTS `hospital`;

CREATE TABLE `hospital` (
  `h_id` int(11) NOT NULL AUTO_INCREMENT,
  `hospital_name` longtext,
  `hospital_type` varchar(250) DEFAULT NULL,
  `s_d_r` varchar(250) DEFAULT NULL,
  `e_d_r` varchar(250) DEFAULT NULL,
  `no_beds` varchar(250) DEFAULT NULL,
  `cost_per_month` varchar(250) DEFAULT NULL,
  `total_amount` varchar(250) DEFAULT NULL,
  `advance_fee` varchar(250) DEFAULT NULL,
  `district` varchar(250) DEFAULT NULL,
  `town` varchar(250) DEFAULT NULL,
  `hospital_address` longtext,
  `status` int(12) DEFAULT '1',
  `created_at` timestamp NOT NULL DEFAULT CURRENT_TIMESTAMP ON UPDATE CURRENT_TIMESTAMP,
  `updated_at` timestamp NOT NULL DEFAULT '0000-00-00 00:00:00',
  `created_by` int(12) DEFAULT NULL,
  `notification_status` int(12) DEFAULT '1' COMMENT '1=active;2=delete;3=edit;0=deactive;',
  PRIMARY KEY (`h_id`)
) ENGINE=InnoDB AUTO_INCREMENT=397 DEFAULT CHARSET=latin1;

/*Data for the table `hospital` */

insert  into `hospital`(`h_id`,`hospital_name`,`hospital_type`,`s_d_r`,`e_d_r`,`no_beds`,`cost_per_month`,`total_amount`,`advance_fee`,`district`,`town`,`hospital_address`,`status`,`created_at`,`updated_at`,`created_by`,`notification_status`) values (1,'Trident Hospital ','Bedded hospital',NULL,NULL,'50','195','9750',NULL,'1',NULL,'Shamshabad',1,'2020-12-06 23:38:08','0000-00-00 00:00:00',1,1),(2,'Vyshnali Narsing Home','Bedded hospital',NULL,NULL,'30','195','5850',NULL,'1',NULL,'Plot No-69, Sathireddy Nagar Colony, Boduppal',1,'2020-12-06 23:38:08','0000-00-00 00:00:00',1,1),(3,'Apex Hospital  ','Bedded hospital',NULL,NULL,'50','195','9750',NULL,'1',NULL,' Boduppal',1,'2020-12-06 23:38:08','0000-00-00 00:00:00',1,1),(4,'GSR Institute Of Facial Plastic SUR','Bedded hospital',NULL,NULL,'40','195','7800',NULL,'1',NULL,'Santhoshnagar',1,'2020-12-06 23:38:08','0000-00-00 00:00:00',1,1),(5,'Anandi Mata Sishu Hospital','Bedded hospital',NULL,NULL,'10','150','1500',NULL,'1',NULL,'Pillar No-143, Hyderguda CrossRoads.',1,'2020-12-06 23:38:08','0000-00-00 00:00:00',1,1),(6,'Dr Agarwal Health Care','Bedded hospital',NULL,NULL,'10','150','1500',NULL,'1',NULL,'Santhoshnagar',1,'2020-12-06 23:38:08','0000-00-00 00:00:00',1,1),(7,'Dr Agarwal Health Care Ltd-CH','Bedded hospital',NULL,NULL,'15','150','2250',NULL,'1',NULL,'Door No-18-92/C,D:E.S.S Towers,Dishuknagar',1,'2020-12-06 23:38:08','0000-00-00 00:00:00',1,1),(8,'Dr Agarwal Health Care','Bedded hospital',NULL,NULL,'15','150','2250',NULL,'1',NULL,'Madhinaguda',1,'2020-12-06 23:38:08','0000-00-00 00:00:00',1,1),(9,'Indira Hospital','Bedded hospital',NULL,NULL,'9','150','1350',NULL,'1',NULL,'Shamshabad',1,'2020-12-06 23:38:08','0000-00-00 00:00:00',1,1),(10,'New City Narsing Home (Kattn)','Bedded hospital',NULL,NULL,'10','150','1500',NULL,'1',NULL,'Kattdhan',1,'2020-12-06 23:38:08','0000-00-00 00:00:00',1,1),(11,'Srikara Hospital  ','Bedded hospital',NULL,NULL,'75','195','14625',NULL,'1',NULL,'LB Nagar',1,'2020-12-06 23:38:08','0000-00-00 00:00:00',1,1),(12,'Sri Rama Devi Ortho Hospital','Bedded hospital',NULL,NULL,'18','150','2700',NULL,'1',NULL,'MIG, C-708, Vanasthalipuram',1,'2020-12-06 23:38:08','0000-00-00 00:00:00',1,1),(13,'Srinivasa Hospital - Shamshabad','Bedded hospital',NULL,NULL,'15','150','2250',NULL,'1',NULL,'Shamshabad',1,'2020-12-06 23:38:08','0000-00-00 00:00:00',1,1),(14,'IGP Medical Composite Hospital ','Bedded hospital',NULL,NULL,'100','195','19500',NULL,'1',NULL,'Chandrayangutta',1,'2020-12-06 23:38:08','0000-00-00 00:00:00',1,1),(15,'Hospital 9','Bedded hospital',NULL,NULL,'21','150','3150',NULL,'1',NULL,'Champapet',1,'2020-12-06 23:38:08','0000-00-00 00:00:00',1,1),(16,'ESI Hospital, Nacharam','Bedded hospital',NULL,NULL,'200','195','39000',NULL,'1',NULL,'Nacharam',1,'2020-12-06 23:38:09','0000-00-00 00:00:00',1,1),(17,'Area Hospital, Barkas','Bedded hospital',NULL,NULL,'30','195','5850',NULL,'1',NULL,'Barkas',1,'2020-12-06 23:38:09','0000-00-00 00:00:00',1,1),(18,'Area Hospital,Vanasthalipuram','Bedded hospital',NULL,NULL,'100','195','19500',NULL,'1',NULL,'Vanasthalipuram',1,'2020-12-06 23:38:09','0000-00-00 00:00:00',1,1),(19,'Area Hospital , Malakpet','Bedded hospital',NULL,NULL,'100','195','19500',NULL,'1',NULL,'Malakpet',1,'2020-12-06 23:38:09','0000-00-00 00:00:00',1,1),(20,'Area Hospital , Golconda','Bedded hospital',NULL,NULL,'100','195','19500',NULL,'1',NULL,'Golconda',1,'2020-12-06 23:38:09','0000-00-00 00:00:00',1,1),(21,'CNR Hospital','Bedded hospital',NULL,NULL,'100','195','19500',NULL,'1',NULL,'H.No:25-863, Hayathnagar',1,'2020-12-06 23:38:09','0000-00-00 00:00:00',1,1),(22,'Community Health Center','Bedded hospital',NULL,NULL,'30','195','5850',NULL,'1',NULL,'Ghatkesar',1,'2020-12-06 23:38:09','0000-00-00 00:00:00',1,1),(23,'Community Health Center','Bedded hospital',NULL,NULL,'30','195','5850',NULL,'1',NULL,'Hayathnagar',1,'2020-12-06 23:38:09','0000-00-00 00:00:00',1,1),(24,'Community Health Center','Bedded hospital',NULL,NULL,'30','195','5850',NULL,'1',NULL,'Rajendranagar',1,'2020-12-06 23:38:09','0000-00-00 00:00:00',1,1),(25,'Maax Life Multi Super Speciality Hospital','Bedded hospital',NULL,NULL,'100','195','19500',NULL,'1',NULL,'#8-8-407/1/A/529, E.P Sriramnagar',1,'2020-12-06 23:38:09','0000-00-00 00:00:00',1,1),(26,'Rajgiri Hospital Pvt Ltd','Bedded hospital',NULL,NULL,'10','150','1500',NULL,'1',NULL,'Hapsiguda',1,'2020-12-06 23:38:09','0000-00-00 00:00:00',1,1),(27,'Raksha Multi Speciality Hospital','Bedded hospital',NULL,NULL,'50','195','9750',NULL,'1',NULL,'Near Radio Tower',1,'2020-12-06 23:38:09','0000-00-00 00:00:00',1,1),(28,'Sai Surya Hospital','Bedded hospital',NULL,NULL,'20','150','3000',NULL,'1',NULL,'Opp - Pillar No- 132, Beside Yes Mart ',1,'2020-12-06 23:38:09','0000-00-00 00:00:00',1,1),(29,'Vijaya Lakshmi Hospital','Bedded hospital',NULL,NULL,'18','150','2700',NULL,'1',NULL,'H.No: 20-96/1, RB Nagar',1,'2020-12-06 23:38:09','0000-00-00 00:00:00',1,1),(30,'Sumitra Hospital','Bedded hospital',NULL,NULL,'30','195','5850',NULL,'1',NULL,'Saraswathi Colony, RTA Uppal',1,'2020-12-06 23:38:09','0000-00-00 00:00:00',1,1),(31,'Safe Super Speciality Hospitals ','Bedded hospital',NULL,NULL,'100','195','19500',NULL,'2',NULL,'Kompally',1,'2020-12-06 23:38:36','0000-00-00 00:00:00',1,1),(32,'Varsha Hospital','Bedded hospital',NULL,NULL,'8','150','1200',NULL,'2',NULL,'Kukatpally',1,'2020-12-06 23:38:36','0000-00-00 00:00:00',1,1),(33,'Mediciti Hospital ','Bedded hospital',NULL,NULL,'500','195','90000',NULL,'2',NULL,'Shameerpet',1,'2020-12-06 23:38:36','0000-00-00 00:00:00',1,1),(34,'Himagiri Hospital  ','Bedded hospital',NULL,NULL,'117','195','22815',NULL,'2',NULL,'Gachibowli Station Main Road',1,'2020-12-06 23:38:36','0000-00-00 00:00:00',1,1),(35,'Dr Bhavani Fertility Center ','Bedded hospital',NULL,NULL,'5','150','1000',NULL,'2',NULL,'4th Floor, Lucid Diagnostic Building, Kukatpally',1,'2020-12-06 23:38:36','0000-00-00 00:00:00',1,1),(36,'Srujana Hospitals  ','Bedded hospital',NULL,NULL,'50','195','9750',NULL,'2',NULL,'Plot No -8, Nidhi Plaza, Quthbullapur',1,'2020-12-06 23:38:36','0000-00-00 00:00:00',1,1),(37,'icon Hospital','Bedded hospital',NULL,NULL,'30','195','5850',NULL,'2',NULL,'Dandamudi Anish Health Care,Kukatpally',1,'2020-12-06 23:38:36','0000-00-00 00:00:00',1,1),(38,' Bloom Hospital (Janapa Reddy)','Bedded hospital',NULL,NULL,'75','195','14625',NULL,'2',NULL,'Kompally',1,'2020-12-06 23:38:36','0000-00-00 00:00:00',1,1),(39,'Sridhar International Dental Hospital  ','Bedded hospital',NULL,NULL,'7','150','1000',NULL,'2',NULL,'Kukatpally',1,'2020-12-06 23:38:36','0000-00-00 00:00:00',1,1),(40,'Bakoban Hospital','Bedded hospital',NULL,NULL,'15','150','2250',NULL,'2',NULL,'Barkas',1,'2020-12-06 23:38:36','0000-00-00 00:00:00',1,1),(41,'Srikara Hospital, Kompally  ','Bedded hospital',NULL,NULL,'40','195','7800',NULL,'2',NULL,'Kompally',1,'2020-12-06 23:38:36','0000-00-00 00:00:00',1,1),(42,'Aashritha Multi Speciality Hospital','Bedded hospital',NULL,NULL,'20','150','3000',NULL,'2',NULL,'Kompally',1,'2020-12-06 23:38:36','0000-00-00 00:00:00',1,1),(43,'Santhoshi MAT & Narsing Home','Bedded hospital',NULL,NULL,'8','150','1200',NULL,'2',NULL,'Malkajgiri',1,'2020-12-06 23:38:36','0000-00-00 00:00:00',1,1),(44,'Balaji Hospital (Shakambari health Care)','Bedded hospital',NULL,NULL,'100','195','19500',NULL,'2',NULL,' Petbasheerabad',1,'2020-12-06 23:38:36','0000-00-00 00:00:00',1,1),(45,'Aaron Hospital','Bedded hospital',NULL,NULL,'15','150','2250',NULL,'2',NULL,'1-64, Gandipet Road',1,'2020-12-06 23:38:36','0000-00-00 00:00:00',1,1),(46,'Healix Hospitals','Bedded hospital',NULL,NULL,'25','150','3750',NULL,'2',NULL,'#204 , Mythri Nagar',1,'2020-12-06 23:38:36','0000-00-00 00:00:00',1,1),(47,'Sureka Hospital','Bedded hospital',NULL,NULL,'25','150','3750',NULL,'2',NULL,'Near Runway-9 , Kopmpally -14',1,'2020-12-06 23:38:36','0000-00-00 00:00:00',1,1),(48,'American Oncology Institute (Cancer Treatment Services Hyderabad Pvt Ltd)','Bedded hospital',NULL,NULL,'100','195','19500',NULL,'2',NULL,'Serlingampally',1,'2020-12-06 23:38:36','0000-00-00 00:00:00',1,1),(49,'Sriven Hospital','Bedded hospital',NULL,NULL,'5','150','750',NULL,'2',NULL,'HIG- 9, Beside SBI Bank, Kukatpally',1,'2020-12-06 23:38:36','0000-00-00 00:00:00',1,1),(50,'Continental Hospital Pvt Ltd ','Bedded hospital',NULL,NULL,'250','195','48750',NULL,'2',NULL,'Plot No-3 , Road No -2, Nanakaramguda',1,'2020-12-06 23:38:36','0000-00-00 00:00:00',1,1),(51,'St, Anns Hospital','Bedded hospital',NULL,NULL,'20','150','3000',NULL,'2',NULL,'Jahunuma',1,'2020-12-06 23:38:36','0000-00-00 00:00:00',1,1),(52,'Sai Shourya Hospital','Bedded hospital',NULL,NULL,'10','150','1500',NULL,'2',NULL,'6/A Phase 5, Kukatpally,',1,'2020-12-06 23:38:36','0000-00-00 00:00:00',1,1),(53,'Cyberabad Citizens Health Services Pvt Ltd -65(ARTMED Healthcare  PVT LTD)','Bedded hospital',NULL,NULL,'300','195','58500',NULL,'2',NULL,'No: 1-100/1/CCH, Nallagandla Village',1,'2020-12-06 23:38:36','0000-00-00 00:00:00',1,1),(54,'Good Shepherd Clinic ','Bedded hospital',NULL,NULL,'5','150','1000',NULL,'2',NULL,'Jeedimetla',1,'2020-12-06 23:38:36','0000-00-00 00:00:00',1,1),(55,'New Delhi Centre For Sight Ltd','Bedded hospital',NULL,NULL,'15','150','2250',NULL,'2',NULL,'Survey No;126, Plot No-10, Banjara Hills',1,'2020-12-06 23:38:37','0000-00-00 00:00:00',1,1),(56,'Suraksha Medicals (A Unit of IVY WOM) ','Bedded hospital',NULL,NULL,'60','195','11700',NULL,'2',NULL,'Hospitals Private Limited, SR nagar',1,'2020-12-06 23:38:37','0000-00-00 00:00:00',1,1),(57,'Solis Eye Care Hospitals Pvt Ltd','Bedded hospital',NULL,NULL,'30','195','5850',NULL,'2',NULL,'Plot No -13, SVK Towers, ECIL X Road ',1,'2020-12-06 23:38:37','0000-00-00 00:00:00',1,1),(58,'Sree lakshmi Gayatri Hospital ','Bedded hospital',NULL,NULL,'250','195','48750',NULL,'2',NULL,'Bachupally',1,'2020-12-06 23:38:37','0000-00-00 00:00:00',1,1),(59,'Sri Balaji Speciality Care Pvt Ltd(Jubli Hospital)','Bedded hospital',NULL,NULL,'120','195','23400',NULL,'2',NULL,'Alwal',1,'2020-12-06 23:38:37','0000-00-00 00:00:00',1,1),(60,'SreeKrishna  Hospital','Bedded hospital',NULL,NULL,'10','150','1500',NULL,'2',NULL,'H.No-4-222, Geetha Nagar',1,'2020-12-06 23:38:37','0000-00-00 00:00:00',1,1),(61,'Vasan Eye Care Pvt Ltd ','Bedded hospital',NULL,NULL,'10','150','1500',NULL,'2',NULL,'Chanda Nagar',1,'2020-12-06 23:38:37','0000-00-00 00:00:00',1,1),(62,'Vasan Eye Care Hospital','Bedded hospital',NULL,NULL,'10','150','1500',NULL,'2',NULL,'ECIL',1,'2020-12-06 23:38:37','0000-00-00 00:00:00',1,1),(63,'Sri Shankara Nethralaya','Bedded hospital',NULL,NULL,'20','150','3000',NULL,'2',NULL,'Miyapur',1,'2020-12-06 23:38:37','0000-00-00 00:00:00',1,1),(64,'Navajeevan Childrens Hospital','Bedded hospital',NULL,NULL,'10','150','1500',NULL,'2',NULL,'Shamshabad',1,'2020-12-06 23:38:37','0000-00-00 00:00:00',1,1),(65,'Aakarasha Hospital','Bedded hospital',NULL,NULL,'50','195','9750',NULL,'2',NULL,'Kukatpally',1,'2020-12-06 23:38:37','0000-00-00 00:00:00',1,1),(66,'Kiranmaye Institute Of Medical Science','Bedded hospital',NULL,NULL,'23','150','3450',NULL,'2',NULL,'Main Road, Shapur Nagar',1,'2020-12-06 23:38:37','0000-00-00 00:00:00',1,1),(67,'ASWINI CHILDRENS HOSPITAL','Bedded hospital',NULL,NULL,'10','180','1800',NULL,'3',NULL,'NALGONDA',1,'2020-12-06 23:40:54','0000-00-00 00:00:00',1,1),(68,'SRI PRIYA HOSPITAL','Bedded hospital',NULL,NULL,'5','180','900',NULL,'3',NULL,'NALGONDA',1,'2020-12-06 23:40:54','0000-00-00 00:00:00',1,1),(69,'21 st CENTURY HOSPITAL','Bedded hospital',NULL,NULL,'4','180','720',NULL,'3',NULL,'NALGONDA',1,'2020-12-06 23:40:54','0000-00-00 00:00:00',1,1),(70,'PRAJA CLINIC (SUDARSHAN REDDY)','Bedded hospital',NULL,NULL,'4','180','720',NULL,'3',NULL,'NALGONDA',1,'2020-12-06 23:40:54','0000-00-00 00:00:00',1,1),(71,'DURGA SHANKAR EYE HOSPITAL','Bedded hospital',NULL,NULL,'5','180','900',NULL,'3',NULL,'NALGONDA',1,'2020-12-06 23:40:54','0000-00-00 00:00:00',1,1),(72,'SRI SRINIVASA HOSPITAL & DIOGNOSTIC CENTER','Bedded hospital',NULL,NULL,'15','180','2700',NULL,'3',NULL,'NALGONDA',1,'2020-12-06 23:40:54','0000-00-00 00:00:00',1,1),(73,'CURE FAST CHILDRENS HOSPITAL','Bedded hospital',NULL,NULL,'9','180','1500',NULL,'3',NULL,'NALGONDA',1,'2020-12-06 23:40:54','0000-00-00 00:00:00',1,1),(74,'BALAJI HOSPITAL','Bedded hospital',NULL,NULL,'4','180','720',NULL,'3',NULL,'NALGONDA',1,'2020-12-06 23:40:54','0000-00-00 00:00:00',1,1),(75,'VISWA HRUDAYA HOSPITALS(AADYA NURSING HOME)','Bedded hospital',NULL,NULL,'12','180','2000',NULL,'3',NULL,'NALGONDA',1,'2020-12-06 23:40:54','0000-00-00 00:00:00',1,1),(76,'UJJWALA NURSING HOME','Bedded hospital',NULL,NULL,'9','180','1620',NULL,'3',NULL,'NALGONDA',1,'2020-12-06 23:40:54','0000-00-00 00:00:00',1,1),(77,'SURYA HOSPITAL','Bedded hospital',NULL,NULL,'12','180','2160',NULL,'3',NULL,'NALGONDA',1,'2020-12-06 23:40:54','0000-00-00 00:00:00',1,1),(78,'KHADER MEMORIAL CHILDERNS HOSPITAL','Bedded hospital',NULL,NULL,'4','180','720',NULL,'3',NULL,'NALGONDA',1,'2020-12-06 23:40:54','0000-00-00 00:00:00',1,1),(79,'VISWAS HOSPITAL','Bedded hospital',NULL,NULL,'15','180','2700',NULL,'3',NULL,'NALGONDA',1,'2020-12-06 23:40:54','0000-00-00 00:00:00',1,1),(80,'SURAKSHA MULTI SPECIALITY HOSPITAL','Bedded hospital',NULL,NULL,'50','225','11250',NULL,'3',NULL,'NALGONDA',1,'2020-12-06 23:40:54','0000-00-00 00:00:00',1,1),(81,'ANURAG CHILDRENS HOSPITAL','Bedded hospital',NULL,NULL,'10','180','1800',NULL,'3',NULL,'NALGONDA',1,'2020-12-06 23:40:54','0000-00-00 00:00:00',1,1),(82,'SAROJINI EYE HOSPITAL','Bedded hospital',NULL,NULL,'10','180','1800',NULL,'3',NULL,'NALGONDA',1,'2020-12-06 23:40:54','0000-00-00 00:00:00',1,1),(83,'VITTAL HOSPITAL','Bedded hospital',NULL,NULL,'8','180','1440',NULL,'3',NULL,'NALGONDA',1,'2020-12-06 23:40:54','0000-00-00 00:00:00',1,1),(84,'SEEMA HOSPITAL','Bedded hospital',NULL,NULL,'10','180','1800',NULL,'3',NULL,'NALGONDA',1,'2020-12-06 23:40:54','0000-00-00 00:00:00',1,1),(85,'SRI LAKSHMI MULTI SPECIALITY HOSPITAL','Bedded hospital',NULL,NULL,'20','180','3600',NULL,'3',NULL,'NALGONDA',1,'2020-12-06 23:40:54','0000-00-00 00:00:00',1,1),(86,'YOGASWI CHILDREN HOSPITAL','Bedded hospital',NULL,NULL,'4','180','720',NULL,'3',NULL,'NALGONDA',1,'2020-12-06 23:40:54','0000-00-00 00:00:00',1,1),(87,'ROHITH ENT HOSPITAL','Bedded hospital',NULL,NULL,'5','180','900',NULL,'3',NULL,'NALGONDA',1,'2020-12-06 23:40:54','0000-00-00 00:00:00',1,1),(88,'APARNA HOSPITAL & SCANNING CENTER','Bedded hospital',NULL,NULL,'50','225','11250',NULL,'3',NULL,'NALGONDA',1,'2020-12-06 23:40:54','0000-00-00 00:00:00',1,1),(89,'SAI SRINIVASA HOSPITAL & DIAGNOSTIC','Bedded hospital',NULL,NULL,'30','225','6750',NULL,'3',NULL,'NALGONDA',1,'2020-12-06 23:40:54','0000-00-00 00:00:00',1,1),(90,'SRI LATHA HOSPITAL','Bedded hospital',NULL,NULL,'25','180','4500',NULL,'3',NULL,'NALGONDA',1,'2020-12-06 23:40:54','0000-00-00 00:00:00',1,1),(91,'SANJEEVINI CHILDRENS HOSPITAL','Bedded hospital',NULL,NULL,'9','180','1620',NULL,'3',NULL,'NALGONDA',1,'2020-12-06 23:40:54','0000-00-00 00:00:00',1,1),(92,'KADIMI HOSPITAL','Bedded hospital',NULL,NULL,'50','225','11250',NULL,'3',NULL,'NALGONDA',1,'2020-12-06 23:40:54','0000-00-00 00:00:00',1,1),(93,'KAVITHA HOSPITAL','Bedded hospital',NULL,NULL,'10','180','1500',NULL,'3',NULL,'NALGONDA',1,'2020-12-06 23:40:55','0000-00-00 00:00:00',1,1),(94,'GREEN LAND HOSPITAL','Bedded hospital',NULL,NULL,'10','180','1800',NULL,'3',NULL,'NALGONDA',1,'2020-12-06 23:40:55','0000-00-00 00:00:00',1,1),(95,'LEELAVATHI HOSPITAL ','Bedded hospital',NULL,NULL,'50','','9000',NULL,'3',NULL,'NALGONDA',1,'2020-12-06 23:40:55','0000-00-00 00:00:00',1,1),(96,'RK HOSPITAL','Bedded hospital',NULL,NULL,'20','180','3600',NULL,'3',NULL,'NALGONDA',1,'2020-12-06 23:40:55','0000-00-00 00:00:00',1,1),(97,'SAMEEKSHA HOSPITAL','Bedded hospital',NULL,NULL,'23','180','4140',NULL,'3',NULL,'NALGONDA',1,'2020-12-06 23:40:55','0000-00-00 00:00:00',1,1),(98,'MADHU CHILDRENS HOSPITAL','Bedded hospital',NULL,NULL,'4','180','720',NULL,'3',NULL,'NALGONDA',1,'2020-12-06 23:40:55','0000-00-00 00:00:00',1,1),(99,'INDIRA CLINIC(DEEPTHI POLY CLINIC)','Bedded hospital',NULL,NULL,'4','180','720',NULL,'3',NULL,'NALGONDA',1,'2020-12-06 23:40:55','0000-00-00 00:00:00',1,1),(100,'MAX HEALTH HOSPITAL','Bedded hospital',NULL,NULL,'40','225','9000',NULL,'3',NULL,'NALGONDA',1,'2020-12-06 23:40:55','0000-00-00 00:00:00',1,1),(101,'SRI RAMA ORTHOPEDIC HOSPITAL','Bedded hospital',NULL,NULL,'10','180','1800',NULL,'3',NULL,'NALGONDA',1,'2020-12-06 23:40:55','0000-00-00 00:00:00',1,1),(102,'ABHAYA MULTISPECIALITY HOSPITAL','Bedded hospital',NULL,NULL,'40','225','9000',NULL,'3',NULL,'NALGONDA',1,'2020-12-06 23:40:55','0000-00-00 00:00:00',1,1),(103,'PADMA DEVI CLINIC','Bedded hospital',NULL,NULL,'4','180','720',NULL,'3',NULL,'NALGONDA',1,'2020-12-06 23:40:55','0000-00-00 00:00:00',1,1),(104,'TRIVENI HOSPITAL','Bedded hospital',NULL,NULL,'30','225','6750',NULL,'3',NULL,'NALGONDA',1,'2020-12-06 23:40:55','0000-00-00 00:00:00',1,1),(105,'ADITYA HOSPITAL','Bedded hospital',NULL,NULL,'10','180','3600',NULL,'3',NULL,'NALGONDA',1,'2020-12-06 23:40:55','0000-00-00 00:00:00',1,1),(106,'CK HOSPITAL','Bedded hospital',NULL,NULL,'50','225','11250',NULL,'3',NULL,'NALGONDA',1,'2020-12-06 23:40:55','0000-00-00 00:00:00',1,1),(107,'SANJEEVANI MULTISPECIALITY HOSPITAL','Bedded hospital',NULL,NULL,'10','180','1800',NULL,'3',NULL,'NALGONDA',1,'2020-12-06 23:40:55','0000-00-00 00:00:00',1,1),(108,'SAI NANDHIKA HOSPITAL','Bedded hospital',NULL,NULL,'10','180','1800',NULL,'3',NULL,'NALGONDA',1,'2020-12-06 23:40:55','0000-00-00 00:00:00',1,1),(109,'SAI NYSA HOSPITAL','Bedded hospital',NULL,NULL,'10','180','1800',NULL,'3',NULL,'NALGONDA',1,'2020-12-06 23:40:55','0000-00-00 00:00:00',1,1),(110,'TULIPS CHILDRENS HOSPITAL','Bedded hospital',NULL,NULL,'10','180','1800',NULL,'3',NULL,'NALGONDA',1,'2020-12-06 23:40:55','0000-00-00 00:00:00',1,1),(111,'RENA HOSPITAL','Bedded hospital',NULL,NULL,'8','180','1440',NULL,'3',NULL,'NALGONDA',1,'2020-12-06 23:40:55','0000-00-00 00:00:00',1,1),(112,'RAJESWARI HOSPITAL','Bedded hospital',NULL,NULL,'25','180','4500',NULL,'3',NULL,'NALGONDA',1,'2020-12-06 23:40:55','0000-00-00 00:00:00',1,1),(113,'MEDI CENTER MULTI SPECIALITY HOSPITAL','Bedded hospital',NULL,NULL,'50','225','7500',NULL,'3',NULL,'NALGONDA',1,'2020-12-06 23:40:55','0000-00-00 00:00:00',1,1),(114,'I RAMULU MEMORIAL HOSPITAL','Bedded hospital',NULL,NULL,'50','225','9000',NULL,'3',NULL,'NALGONDA',1,'2020-12-06 23:40:55','0000-00-00 00:00:00',1,1),(115,'MANJEERA HOSPITAL','Bedded hospital',NULL,NULL,'4','180','750',NULL,'3',NULL,'NALGONDA',1,'2020-12-06 23:40:55','0000-00-00 00:00:00',1,1),(116,'LEPROSY HOSPITAL','Bedded hospital',NULL,NULL,'20','180','3600',NULL,'3',NULL,'NALGONDA',1,'2020-12-06 23:40:55','0000-00-00 00:00:00',1,1),(117,'CHARAN HOSPITAL','Bedded hospital',NULL,NULL,'5','180','900',NULL,'3',NULL,'NALGONDA',1,'2020-12-06 23:40:55','0000-00-00 00:00:00',1,1),(118,'NOBLE HOSPITAL','Bedded hospital',NULL,NULL,'20','180','3600',NULL,'3',NULL,'NALGONDA',1,'2020-12-06 23:40:55','0000-00-00 00:00:00',1,1),(119,'PERUMULLA HOSPITAL','Bedded hospital',NULL,NULL,'8','180','1440',NULL,'3',NULL,'NALGONDA',1,'2020-12-06 23:40:56','0000-00-00 00:00:00',1,1),(120,'NAVYA MULTI SPECIALITY HOSPITAL','Bedded hospital',NULL,NULL,'50','225','11250',NULL,'3',NULL,'NALGONDA',1,'2020-12-06 23:40:56','0000-00-00 00:00:00',1,1),(121,'KEERTHI HOSPITAL','Bedded hospital',NULL,NULL,'15','180','2700',NULL,'3',NULL,'NALGONDA',1,'2020-12-06 23:40:56','0000-00-00 00:00:00',1,1),(122,'RAJESWARI HOSPITAL','Bedded hospital',NULL,NULL,'25','180','4500',NULL,'3',NULL,'NALGONDA',1,'2020-12-06 23:40:56','0000-00-00 00:00:00',1,1),(123,'SAI RAKSHA HOSPITAL ','Bedded hospital',NULL,NULL,'25','180','4500',NULL,'3',NULL,'NALGONDA',1,'2020-12-06 23:40:56','0000-00-00 00:00:00',1,1),(124,'SANTHOSHIMATHA METERNITY & DENTAL HOSPITAL','Bedded hospital',NULL,NULL,'30','225','6750',NULL,'3',NULL,'NALGONDA',1,'2020-12-06 23:40:56','0000-00-00 00:00:00',1,1),(125,'Dr.ARUNA HOSPITAL','Bedded hospital',NULL,NULL,'20','180','3600',NULL,'3',NULL,'NALGONDA',1,'2020-12-06 23:40:56','0000-00-00 00:00:00',1,1),(126,'MAHAVEER HOSPITAL','Bedded hospital',NULL,NULL,'10','180','1440',NULL,'3',NULL,'NALGONDA',1,'2020-12-06 23:40:56','0000-00-00 00:00:00',1,1),(127,'CHIRANJEEVI NURSING HOME','Bedded hospital',NULL,NULL,'5','180','900',NULL,'3',NULL,'NALGONDA',1,'2020-12-06 23:40:56','0000-00-00 00:00:00',1,1),(128,'ANUSHA CHILDRENS HOSPITAL','Bedded hospital',NULL,NULL,'4','180','900',NULL,'3',NULL,'NALGONDA',1,'2020-12-06 23:40:56','0000-00-00 00:00:00',1,1),(129,'NITHYA MULTISPECIALITY HOSPITAL','Bedded hospital',NULL,NULL,'18','180','3240',NULL,'3',NULL,'NALGONDA',1,'2020-12-06 23:40:56','0000-00-00 00:00:00',1,1),(130,'SRI VIJENDAR REDDY MULTISPECIALITY HOSPITAL','Bedded hospital',NULL,NULL,'10','180','1800',NULL,'3',NULL,'NALGONDA',1,'2020-12-06 23:40:56','0000-00-00 00:00:00',1,1),(131,'SRI VENKATESWARA NURSING HOME','Bedded hospital',NULL,NULL,'25','180','4500',NULL,'3',NULL,'NALGONDA',1,'2020-12-06 23:40:56','0000-00-00 00:00:00',1,1),(132,'VIJAY HOSPITAL & DIAGNOSTIC','Bedded hospital',NULL,NULL,'20','180','3600',NULL,'3',NULL,'NALGONDA',1,'2020-12-06 23:40:56','0000-00-00 00:00:00',1,1),(133,'LIFE LINE CARE HOSPITAL','Bedded hospital',NULL,NULL,'10','180','1800',NULL,'3',NULL,'NALGONDA',1,'2020-12-06 23:40:56','0000-00-00 00:00:00',1,1),(134,'UDAYASREE HOSPITAL','Bedded hospital',NULL,NULL,'25','180','4500',NULL,'3',NULL,'NALGONDA',1,'2020-12-06 23:40:56','0000-00-00 00:00:00',1,1),(135,'YADAMMA HOSPITAL','Bedded hospital',NULL,NULL,'6','180','1200',NULL,'3',NULL,'NALGONDA',1,'2020-12-06 23:40:56','0000-00-00 00:00:00',1,1),(136,'SINDHURA HOSPITAL','Bedded hospital',NULL,NULL,'10','180','1500',NULL,'3',NULL,'NALGONDA',1,'2020-12-06 23:40:56','0000-00-00 00:00:00',1,1),(137,'SAMRAKSHA MULTISPECIALITY HOSPITAL','Bedded hospital',NULL,NULL,'30','225','5400',NULL,'3',NULL,'NALGONDA',1,'2020-12-06 23:40:56','0000-00-00 00:00:00',1,1),(138,'AMRUTHA HOSPITAL & SCANNING CENTRE','Bedded hospital',NULL,NULL,'20','180','3600',NULL,'3',NULL,'NALGONDA',1,'2020-12-06 23:40:56','0000-00-00 00:00:00',1,1),(139,'JYOTHI HOPSITAL','Bedded hospital',NULL,NULL,'50','210','11250',NULL,'3',NULL,'MIRYALAGUDA',1,'2020-12-06 23:40:56','0000-00-00 00:00:00',1,1),(140,'Dr.SUSHMA HOSPITAL','Bedded hospital',NULL,NULL,'20','180','3600',NULL,'3',NULL,'MIRYALAGUDA',1,'2020-12-06 23:40:56','0000-00-00 00:00:00',1,1),(141,'SRI SATYA SAI NURSING HOME','Bedded hospital',NULL,NULL,'10','180','1800',NULL,'3',NULL,'MIRYALAGUDA',1,'2020-12-06 23:40:56','0000-00-00 00:00:00',1,1),(142,'SRI BALAJI HOSPITAL','Bedded hospital',NULL,NULL,'30','225','6750',NULL,'3',NULL,'MIRYALAGUDA',1,'2020-12-06 23:40:57','0000-00-00 00:00:00',1,1),(143,'SRI SARITHA HOSPITAL','Bedded hospital',NULL,NULL,'16','180','2880',NULL,'3',NULL,'MIRYALAGUDA',1,'2020-12-06 23:40:57','0000-00-00 00:00:00',1,1),(144,'SRI GANDHI HOSPITAL','Bedded hospital',NULL,NULL,'10','180','1800',NULL,'3',NULL,'MIRYALAGUDA',1,'2020-12-06 23:40:57','0000-00-00 00:00:00',1,1),(145,'SRI SURYA GENERAL HOSPITAL','Bedded hospital',NULL,NULL,'10','180','1800',NULL,'3',NULL,'MIRYALAGUDA',1,'2020-12-06 23:40:57','0000-00-00 00:00:00',1,1),(146,'SRI SAI MULTISPECIALITY HOSPITAL','Bedded hospital',NULL,NULL,'7','180','1080',NULL,'3',NULL,'MIRYALAGUDA',1,'2020-12-06 23:40:57','0000-00-00 00:00:00',1,1),(147,'HYMA HOSPITAL ( TELANGAN HOSPITAL)','Bedded hospital',NULL,NULL,'10','180','1800',NULL,'3',NULL,'MIRYALAGUDA',1,'2020-12-06 23:40:57','0000-00-00 00:00:00',1,1),(148,'ADITHYA MEDICARE CENTER','Bedded hospital',NULL,NULL,'10','180','1800',NULL,'3',NULL,'MIRYALAGUDA',1,'2020-12-06 23:40:57','0000-00-00 00:00:00',1,1),(149,'VASANTHI HOSPITAL','Bedded hospital',NULL,NULL,'10','180','1800',NULL,'3',NULL,'MIRYALAGUDA',1,'2020-12-06 23:40:57','0000-00-00 00:00:00',1,1),(150,'SANTHA NURSING HOME','Bedded hospital',NULL,NULL,'10','180','1800',NULL,'3',NULL,'MIRYALAGUDA',1,'2020-12-06 23:40:57','0000-00-00 00:00:00',1,1),(151,'SRI PADMAVATHI HOSPITAL','Bedded hospital',NULL,NULL,'10','180','1800',NULL,'3',NULL,'MIRYALAGUDA',1,'2020-12-06 23:40:57','0000-00-00 00:00:00',1,1),(152,'ARCHANA CHILDRENS HOSPITAL','Bedded hospital',NULL,NULL,'4','180','720',NULL,'3',NULL,'MIRYALAGUDA',1,'2020-12-06 23:40:57','0000-00-00 00:00:00',1,1),(153,'UMA GENERAL HOSPITAL ( Dr.RAJU)','Bedded hospital',NULL,NULL,'10','180','1800',NULL,'3',NULL,'MIRYALAGUDA',1,'2020-12-06 23:40:57','0000-00-00 00:00:00',1,1),(154,'G.V.HOSPITAL','Bedded hospital',NULL,NULL,'10','180','1800',NULL,'3',NULL,'MIRYALAGUDA',1,'2020-12-06 23:40:57','0000-00-00 00:00:00',1,1),(155,'SRI SAI SIRISHA HOSPITAL','Bedded hospital',NULL,NULL,'20','180','3600',NULL,'3',NULL,'MIRYALAGUDA',1,'2020-12-06 23:40:57','0000-00-00 00:00:00',1,1),(156,'AKSHAYA EYE HOSPITAL','Bedded hospital',NULL,NULL,'6','180','1080',NULL,'3',NULL,'MIRYALAGUDA',1,'2020-12-06 23:40:57','0000-00-00 00:00:00',1,1),(157,'SRI SAI ORTHO CARE CENTER','Bedded hospital',NULL,NULL,'30','225','6750',NULL,'3',NULL,'MIRYALAGUDA',1,'2020-12-06 23:40:57','0000-00-00 00:00:00',1,1),(158,'PRAGATHI (PADMANBHA REDDY HOSPITAL)','Bedded hospital',NULL,NULL,'5','180','900',NULL,'3',NULL,'MIRYALAGUDA',1,'2020-12-06 23:40:57','0000-00-00 00:00:00',1,1),(159,'ANITHA HOSPITAL','Bedded hospital',NULL,NULL,'20','180','3600',NULL,'3',NULL,'MIRYALAGUDA',1,'2020-12-06 23:40:57','0000-00-00 00:00:00',1,1),(160,'SRI SRINIVASA MULTISPECIALITY HOSPITAL','Bedded hospital',NULL,NULL,'25','','4500',NULL,'3',NULL,'MIRYALAGUDA',1,'2020-12-06 23:40:57','0000-00-00 00:00:00',1,1),(161,'DHARANI NURSING HOME','Bedded hospital',NULL,NULL,'10','180','1800',NULL,'3',NULL,'MIRYALAGUDA',1,'2020-12-06 23:40:57','0000-00-00 00:00:00',1,1),(162,'RAMA NURSING HOME','Bedded hospital',NULL,NULL,'10','180','1800',NULL,'3',NULL,'MIRYALAGUDA',1,'2020-12-06 23:40:57','0000-00-00 00:00:00',1,1),(163,'SRI BALAJI NURSING HOME(Dr.BHAVYA)','Bedded hospital',NULL,NULL,'10','180','1800',NULL,'3',NULL,'MIRYALAGUDA',1,'2020-12-06 23:40:57','0000-00-00 00:00:00',1,1),(164,'MIRYALAGUDA KIDNEY CENTER','Bedded hospital',NULL,NULL,'6','180','1080',NULL,'3',NULL,'MIRYALAGUDA',1,'2020-12-06 23:40:57','0000-00-00 00:00:00',1,1),(165,'BALAJI NURSING HOME','Bedded hospital',NULL,NULL,'8','180','1440',NULL,'3',NULL,'MIRYALAGUDA',1,'2020-12-06 23:40:57','0000-00-00 00:00:00',1,1),(166,'SRI SRINIVASA ENT HOSPITAL','Bedded hospital',NULL,NULL,'4','180','700',NULL,'3',NULL,'MIRYALAGUDA',1,'2020-12-06 23:40:57','0000-00-00 00:00:00',1,1),(167,'LAXMI SAI MODERN HOSPITAL','Bedded hospital',NULL,NULL,'10','180','1800',NULL,'3',NULL,'MIRYALAGUDA',1,'2020-12-06 23:40:58','0000-00-00 00:00:00',1,1),(168,'LALITHA NURSING HOME','Bedded hospital',NULL,NULL,'8','180','1200',NULL,'3',NULL,'MIRYALAGUDA',1,'2020-12-06 23:40:58','0000-00-00 00:00:00',1,1),(169,'I SAIRAM HOSPITAL(SAHITHI HOSPITAL)','Bedded hospital',NULL,NULL,'10','180','1800',NULL,'3',NULL,'MIRYALAGUDA',1,'2020-12-06 23:40:58','0000-00-00 00:00:00',1,1),(170,'MADHU (JAYA HOSPITAL)','Bedded hospital',NULL,NULL,'10','180','1800',NULL,'3',NULL,'MIRYALAGUDA',1,'2020-12-06 23:40:58','0000-00-00 00:00:00',1,1),(171,'DURGA SHANKAR HOSPITAL','Bedded hospital',NULL,NULL,'20','180','3000',NULL,'3',NULL,'MIRYALAGUDA',1,'2020-12-06 23:40:58','0000-00-00 00:00:00',1,1),(172,'INTURI SRINIVAS HOSPITAL','Bedded hospital',NULL,NULL,'6','180','1080',NULL,'3',NULL,'MIRYALAGUDA',1,'2020-12-06 23:40:58','0000-00-00 00:00:00',1,1),(173,'ABHAYA HOSPITAL','Bedded hospital',NULL,NULL,'6','180','1080',NULL,'3',NULL,'MIRYALAGUDA',1,'2020-12-06 23:40:58','0000-00-00 00:00:00',1,1),(174,'MANASA HOSPITAL','Bedded hospital',NULL,NULL,'15','180','2700',NULL,'3',NULL,'MIRYALAGUDA',1,'2020-12-06 23:40:58','0000-00-00 00:00:00',1,1),(175,'NIRMALA HOSPITAL','Bedded hospital',NULL,NULL,'20','180','3000',NULL,'3',NULL,'SURYAPET',1,'2020-12-06 23:40:58','0000-00-00 00:00:00',1,1),(176,'VIJAYAKRISHNA MULTISPECIALITY HOSPITAL','Bedded hospital',NULL,NULL,'50','225','11250',NULL,'3',NULL,'SURYAPET',1,'2020-12-06 23:40:58','0000-00-00 00:00:00',1,1),(177,'SRESHTA HOSPITAL','Bedded hospital',NULL,NULL,'50','225','11250',NULL,'3',NULL,'SURYAPET',1,'2020-12-06 23:40:58','0000-00-00 00:00:00',1,1),(178,'JYOTHI MULTISPECIALITY HOSPITAL','Bedded hospital',NULL,NULL,'20','180','3600',NULL,'3',NULL,'SURYAPET',1,'2020-12-06 23:40:58','0000-00-00 00:00:00',1,1),(179,'METRO HOSPITAL','Bedded hospital',NULL,NULL,'25','180','4500',NULL,'3',NULL,'SURYAPET',1,'2020-12-06 23:40:58','0000-00-00 00:00:00',1,1),(180,'SRI KRISHNA HOSPITAL','Bedded hospital',NULL,NULL,'15','180','2700',NULL,'3',NULL,'SURYAPET',1,'2020-12-06 23:40:58','0000-00-00 00:00:00',1,1),(181,'PULSE CARE HOSPITAL','Bedded hospital',NULL,NULL,'5','180','900',NULL,'3',NULL,'SURYAPET',1,'2020-12-06 23:40:58','0000-00-00 00:00:00',1,1),(182,'SHOBA MULTISPECIALITY DENTAL HOSPITAL','Bedded hospital',NULL,NULL,'5','180','900',NULL,'3',NULL,'SURYAPET',1,'2020-12-06 23:40:58','0000-00-00 00:00:00',1,1),(183,'SRI SAI KRISHNA ENT','Bedded hospital',NULL,NULL,'8','180','1440',NULL,'3',NULL,'SURYAPET',1,'2020-12-06 23:40:58','0000-00-00 00:00:00',1,1),(184,'SAI DEEPTHI NURSING HOME','Bedded hospital',NULL,NULL,'20','180','3600',NULL,'3',NULL,'SURYAPET',1,'2020-12-06 23:40:58','0000-00-00 00:00:00',1,1),(185,'KVR CHILDRENS HOSPITAL','Bedded hospital',NULL,NULL,'4','180','720',NULL,'3',NULL,'SURYAPET',1,'2020-12-06 23:40:58','0000-00-00 00:00:00',1,1),(186,'MADHAVI NURSING HOME','Bedded hospital',NULL,NULL,'8','180','1450',NULL,'3',NULL,'SURYAPET',1,'2020-12-06 23:40:58','0000-00-00 00:00:00',1,1),(187,'PATTABHI CHILDRENS HOSPITAL','Bedded hospital',NULL,NULL,'4','180','700',NULL,'3',NULL,'SURYAPET',1,'2020-12-06 23:40:58','0000-00-00 00:00:00',1,1),(188,'SRI SIVA SAI HOSPITAL','Bedded hospital',NULL,NULL,'25','180','4500',NULL,'3',NULL,'SURYAPET',1,'2020-12-06 23:40:58','0000-00-00 00:00:00',1,1),(189,'VIJAYA DIAGNOSTIC CENTER','Bedded hospital',NULL,NULL,'4','180','1000',NULL,'3',NULL,'SURYAPET',1,'2020-12-06 23:40:58','0000-00-00 00:00:00',1,1),(190,'GDR GENERAL SURGICAL HOSPITAL','Bedded hospital',NULL,NULL,'5','180','900',NULL,'3',NULL,'SURYAPET',1,'2020-12-06 23:40:58','0000-00-00 00:00:00',1,1),(191,'LIONS CLUB EYE HOSPITAL','Bedded hospital',NULL,NULL,'4','180','1500',NULL,'3',NULL,'SURYAPET',1,'2020-12-06 23:40:58','0000-00-00 00:00:00',1,1),(192,'SUPRAJA HOSPITAL','Bedded hospital',NULL,NULL,'30','225','6750',NULL,'3',NULL,'SURYAPET',1,'2020-12-06 23:40:58','0000-00-00 00:00:00',1,1),(193,'MADHU BABU HOSPITAL','Bedded hospital',NULL,NULL,'25','180','1800',NULL,'3',NULL,'SURYAPET',1,'2020-12-06 23:40:58','0000-00-00 00:00:00',1,1),(194,'NEO CHILDREN HOSPITAL','Bedded hospital',NULL,NULL,'20','180','3600',NULL,'3',NULL,'SURYAPET',1,'2020-12-06 23:40:58','0000-00-00 00:00:00',1,1),(195,'UMAKANTH NURSING HOME','Bedded hospital',NULL,NULL,'10','180','1800',NULL,'3',NULL,'SURYAPET',1,'2020-12-06 23:40:58','0000-00-00 00:00:00',1,1),(196,'KRANTHI HOSPITAL','Bedded hospital',NULL,NULL,'20','180','3600',NULL,'3',NULL,'SURYAPET',1,'2020-12-06 23:40:58','0000-00-00 00:00:00',1,1),(197,'SAI PRASAD BLOOD BANK','Bedded hospital',NULL,NULL,'5','180','1200',NULL,'3',NULL,'SURYAPET',1,'2020-12-06 23:40:59','0000-00-00 00:00:00',1,1),(198,'SRI SAI SANDHYA DIAGNOSTIC CENTER','Bedded hospital',NULL,NULL,'5','180','900',NULL,'3',NULL,'SURYAPET',1,'2020-12-06 23:40:59','0000-00-00 00:00:00',1,1),(199,'GANESH HOSPITAL','Bedded hospital',NULL,NULL,'10','180','1800',NULL,'3',NULL,'SURYAPET',1,'2020-12-06 23:40:59','0000-00-00 00:00:00',1,1),(200,'MOHAN CHILDREN HOSPITAL','Bedded hospital',NULL,NULL,'8','180','1440',NULL,'3',NULL,'SURYAPET',1,'2020-12-06 23:40:59','0000-00-00 00:00:00',1,1),(201,'SRI SUDHA CHILDREN HOSPITAL','Bedded hospital',NULL,NULL,'6','180','1080',NULL,'3',NULL,'SURYAPET',1,'2020-12-06 23:40:59','0000-00-00 00:00:00',1,1),(202,'EKASHILA NURSING HOME','Bedded hospital',NULL,NULL,'25','180','4500',NULL,'3',NULL,'SURYAPET',1,'2020-12-06 23:40:59','0000-00-00 00:00:00',1,1),(203,'SANJEEVINI HOSPITAL','Bedded hospital',NULL,NULL,'12','180','2160',NULL,'3',NULL,'SURYAPET',1,'2020-12-06 23:40:59','0000-00-00 00:00:00',1,1),(204,'SRI LAXMI SRINIVASA HOSPITAL','Bedded hospital',NULL,NULL,'130','180','2340',NULL,'3',NULL,'SURYAPET',1,'2020-12-06 23:40:59','0000-00-00 00:00:00',1,1),(205,'BALAJI HOSPITAL','Bedded hospital',NULL,NULL,'10','180','1800',NULL,'3',NULL,'SURYAPET',1,'2020-12-06 23:40:59','0000-00-00 00:00:00',1,1),(206,'KAVISAGAR CHILDRENS HOSPITAL','Bedded hospital',NULL,NULL,'7','180','1260',NULL,'3',NULL,'SURYAPET',1,'2020-12-06 23:40:59','0000-00-00 00:00:00',1,1),(207,'RAMESH ORTHOPEDIC HOSPITAL','Bedded hospital',NULL,NULL,'5','180','900',NULL,'3',NULL,'SURYAPET',1,'2020-12-06 23:40:59','0000-00-00 00:00:00',1,1),(208,'SNEHA HOSPITAL','Bedded hospital',NULL,NULL,'10','180','1800',NULL,'3',NULL,'SURYAPET',1,'2020-12-06 23:40:59','0000-00-00 00:00:00',1,1),(209,'GAYTHRI NURSING HOME','Bedded hospital',NULL,NULL,'12','180','2160',NULL,'3',NULL,'SURYAPET',1,'2020-12-06 23:40:59','0000-00-00 00:00:00',1,1),(210,'DIVYA NURSING HOME','Bedded hospital',NULL,NULL,'7','180','1260',NULL,'3',NULL,'SURYAPET',1,'2020-12-06 23:40:59','0000-00-00 00:00:00',1,1),(211,'MANA AMMA HOSPITAL','Bedded hospital',NULL,NULL,'20','180','3600',NULL,'3',NULL,'SURYAPET',1,'2020-12-06 23:40:59','0000-00-00 00:00:00',1,1),(212,'V-CARE HOSPITAL','Bedded hospital',NULL,NULL,'20','180','3600',NULL,'3',NULL,'SURYAPET',1,'2020-12-06 23:40:59','0000-00-00 00:00:00',1,1),(213,'SRI VENKATARAMANA KIDNEY CARE CENTER','Bedded hospital',NULL,NULL,'10','180','1500',NULL,'3',NULL,'SURYAPET',1,'2020-12-06 23:40:59','0000-00-00 00:00:00',1,1),(214,'SRI SAI GANESH HOSPITAL','Bedded hospital',NULL,NULL,'10','180','1800',NULL,'3',NULL,'SURYAPET',1,'2020-12-06 23:40:59','0000-00-00 00:00:00',1,1),(215,'LIFE CARE HOSPITAL','Bedded hospital',NULL,NULL,'3','180','900',NULL,'3',NULL,'SURYAPET',1,'2020-12-06 23:40:59','0000-00-00 00:00:00',1,1),(216,'SRIKRISHNA NURSING HOME','Bedded hospital',NULL,NULL,'10','180','1800',NULL,'3',NULL,'NAKREKAL',1,'2020-12-06 23:40:59','0000-00-00 00:00:00',1,1),(217,'SRI SRINIVASA NURSING HOME','Bedded hospital',NULL,NULL,'20','180','3600',NULL,'3',NULL,'NAKREKAL',1,'2020-12-06 23:40:59','0000-00-00 00:00:00',1,1),(218,'MAMATHA HOSPITAL','Bedded hospital',NULL,NULL,'25','180','4500',NULL,'3',NULL,'NAKREKAL',1,'2020-12-06 23:40:59','0000-00-00 00:00:00',1,1),(219,'VENKATARAMA HOSPITAL','Bedded hospital',NULL,NULL,'4','180','720',NULL,'3',NULL,'NAKREKAL',1,'2020-12-06 23:40:59','0000-00-00 00:00:00',1,1),(220,'NAVYA DIAGNOSTIC & SPECIALITY HOSPITAL','Bedded hospital',NULL,NULL,'8','180','1440',NULL,'3',NULL,'NAKREKAL',1,'2020-12-06 23:40:59','0000-00-00 00:00:00',1,1),(221,'ASWINI HOSPITALS','Bedded hospital',NULL,NULL,'10','180','1800',NULL,'3',NULL,'NAKREKAL',1,'2020-12-06 23:40:59','0000-00-00 00:00:00',1,1),(222,'SRI VEDA HOSPITAL ','Bedded hospital',NULL,NULL,'5','180','900',NULL,'3',NULL,'NAKREKAL',1,'2020-12-06 23:40:59','0000-00-00 00:00:00',1,1),(223,'SATYA NURSING HOME','Bedded hospital',NULL,NULL,'10','189','1800',NULL,'3',NULL,'KODAD',1,'2020-12-06 23:40:59','0000-00-00 00:00:00',1,1),(224,'SIDDARTHA CHILDRENS HOSPITAL','Bedded hospital',NULL,NULL,'10','180','1800',NULL,'3',NULL,'KODAD',1,'2020-12-06 23:40:59','0000-00-00 00:00:00',1,1),(225,'SIDDARTHA ORTHO HOSPITAL','Bedded hospital',NULL,NULL,'20','180','3600',NULL,'3',NULL,'KODAD',1,'2020-12-06 23:41:00','0000-00-00 00:00:00',1,1),(226,'AMRUTHA HOSPITAL','Bedded hospital',NULL,NULL,'13','180','2340',NULL,'3',NULL,'KODAD',1,'2020-12-06 23:41:00','0000-00-00 00:00:00',1,1),(227,'MOTHER THERISSA ORTHO ','Bedded hospital',NULL,NULL,'10','180','1800',NULL,'3',NULL,'KODAD',1,'2020-12-06 23:41:00','0000-00-00 00:00:00',1,1),(228,'VASANTHI HOSPITAL','Bedded hospital',NULL,NULL,'10','','1800',NULL,'3',NULL,'KODAD',1,'2020-12-06 23:41:00','0000-00-00 00:00:00',1,1),(229,'SURESH ORTHO','Bedded hospital',NULL,NULL,'5','180','900',NULL,'3',NULL,'KODAD',1,'2020-12-06 23:41:00','0000-00-00 00:00:00',1,1),(230,'ASHOKA EYE HOSPITAL','Bedded hospital',NULL,NULL,'10','180','1800',NULL,'3',NULL,'KODAD',1,'2020-12-06 23:41:00','0000-00-00 00:00:00',1,1),(231,'ANVESHANA DIAGNOSTIC','Bedded hospital',NULL,NULL,'4','180','900',NULL,'3',NULL,'KODAD',1,'2020-12-06 23:41:00','0000-00-00 00:00:00',1,1),(232,'Dr.PRASAD ENT HOSPITAL','Bedded hospital',NULL,NULL,'20','180','2000',NULL,'3',NULL,'KODAD',1,'2020-12-06 23:41:00','0000-00-00 00:00:00',1,1),(233,'VIJAYA HOSPITAL','Bedded hospital',NULL,NULL,'8','180','1440',NULL,'3',NULL,'KODAD',1,'2020-12-06 23:41:00','0000-00-00 00:00:00',1,1),(234,'SRI TIRUMALA HOSPITAL','Bedded hospital',NULL,NULL,'60','180','10800',NULL,'3',NULL,'KODAD',1,'2020-12-06 23:41:00','0000-00-00 00:00:00',1,1),(235,'AR DIAGNOSTIC VIJAYA HOSPITAL','Bedded hospital',NULL,NULL,'4','180','900',NULL,'3',NULL,'KODAD',1,'2020-12-06 23:41:00','0000-00-00 00:00:00',1,1),(236,'SYAMALA NURSING HOME','Bedded hospital',NULL,NULL,'10','180','1800',NULL,'3',NULL,'KODAD',1,'2020-12-06 23:41:00','0000-00-00 00:00:00',1,1),(237,'USHA NIURSING HOME','Bedded hospital',NULL,NULL,'5','180','900',NULL,'3',NULL,'KODAD',1,'2020-12-06 23:41:00','0000-00-00 00:00:00',1,1),(238,'MEDICARE HOSPITAL','Bedded hospital',NULL,NULL,'10','180','1800',NULL,'3',NULL,'KODAD',1,'2020-12-06 23:41:00','0000-00-00 00:00:00',1,1),(239,'ARCHANA NURSING HOME','Bedded hospital',NULL,NULL,'10','180','1800',NULL,'3',NULL,'KODAD',1,'2020-12-06 23:41:00','0000-00-00 00:00:00',1,1),(240,'SANKALPA HOSPITAL','Bedded hospital',NULL,NULL,'20','180','3600',NULL,'3',NULL,'KODAD',1,'2020-12-06 23:41:00','0000-00-00 00:00:00',1,1),(241,'APPORVA HOSPITAL','Bedded hospital',NULL,NULL,'10','180','1800',NULL,'3',NULL,'KODAD',1,'2020-12-06 23:41:00','0000-00-00 00:00:00',1,1),(242,'RAMA RAO & SUBBA RAO HOSPITAL','Bedded hospital',NULL,NULL,'22','180','3960',NULL,'3',NULL,'KODAD',1,'2020-12-06 23:41:00','0000-00-00 00:00:00',1,1),(243,'SAI SRI CHILDRENS HOSPITAL','Bedded hospital',NULL,NULL,'10','180','1500',NULL,'3',NULL,'KODAD',1,'2020-12-06 23:41:00','0000-00-00 00:00:00',1,1),(244,'SRI LAXMI LAZER EYE HOSPITAL','Bedded hospital',NULL,NULL,'20','180','3000',NULL,'3',NULL,'KODAD',1,'2020-12-06 23:41:00','0000-00-00 00:00:00',1,1),(245,'KARTHIKEYA HOSPITAL','Bedded hospital',NULL,NULL,'10','180','1800',NULL,'3',NULL,'KODAD',1,'2020-12-06 23:41:00','0000-00-00 00:00:00',1,1),(246,'St.MARY HOSPITAL','Bedded hospital',NULL,NULL,'6','180','1080',NULL,'3',NULL,'KODAD',1,'2020-12-06 23:41:00','0000-00-00 00:00:00',1,1),(247,'MEGHANA HOSPITAL','Bedded hospital',NULL,NULL,'20','','3600',NULL,'3',NULL,'HUZURNAGAR',1,'2020-12-06 23:41:00','0000-00-00 00:00:00',1,1),(248,'SIRISHA SREELA VAIDYASALA','Bedded hospital',NULL,NULL,'14','','2500',NULL,'3',NULL,'HUZURNAGAR',1,'2020-12-06 23:41:00','0000-00-00 00:00:00',1,1),(249,'SRIVALLI MULTISPECIALITY HOSPITAL','Bedded hospital',NULL,NULL,'5','180','900',NULL,'3',NULL,'HUZURNAGAR',1,'2020-12-06 23:41:01','0000-00-00 00:00:00',1,1),(250,'SUJATHA NURSING HOME','Bedded hospital',NULL,NULL,'13','180','2200',NULL,'3',NULL,'HUZURNAGAR',1,'2020-12-06 23:41:01','0000-00-00 00:00:00',1,1),(251,'SRI SAI RAKSHA HOSPITAL GENERAL SURGICAL','Bedded hospital',NULL,NULL,'15','','2700',NULL,'3',NULL,'HUZURNAGAR',1,'2020-12-06 23:41:01','0000-00-00 00:00:00',1,1),(252,'SAI VENKATESWARA MULTISPECIALITY HOSP','Bedded hospital',NULL,NULL,'50','225','7500',NULL,'3',NULL,'DEVARAKONDA',1,'2020-12-06 23:41:01','0000-00-00 00:00:00',1,1),(253,'SILOYAM CHILDRENS HOSPITAL','Bedded hospital',NULL,NULL,'5','180','900',NULL,'3',NULL,'DEVARAKONDA',1,'2020-12-06 23:41:01','0000-00-00 00:00:00',1,1),(254,'JYOTHI HOSPITAL','Bedded hospital',NULL,NULL,'15','180','2700',NULL,'3',NULL,'DEVARAKONDA',1,'2020-12-06 23:41:01','0000-00-00 00:00:00',1,1),(255,'VIJAY KRISHNA ORHOPEDIC & GENERAL HOSP','Bedded hospital',NULL,NULL,'7','180','1260',NULL,'3',NULL,'DEVARAKONDA',1,'2020-12-06 23:41:01','0000-00-00 00:00:00',1,1),(256,'SANJEEVINI MULTISPECILITY HOSPITAL','Bedded hospital',NULL,NULL,'50','225','11250',NULL,'3',NULL,'DEVARAKONDA',1,'2020-12-06 23:41:01','0000-00-00 00:00:00',1,1),(257,'BALAVIJAYA SAI CHILDRENS HOSPITAL','Bedded hospital',NULL,NULL,'15','180','2700',NULL,'3',NULL,'DEVARAKONDA',1,'2020-12-06 23:41:01','0000-00-00 00:00:00',1,1),(258,'SAI KRISHNA NURSING HOME','Bedded hospital',NULL,NULL,'50','225','11250',NULL,'3',NULL,'DEVARAKONDA',1,'2020-12-06 23:41:01','0000-00-00 00:00:00',1,1),(259,'LAXMI VIJAYA HOSPITAL','Bedded hospital',NULL,NULL,'10','180','1800',NULL,'3',NULL,'DEVARAKONDA',1,'2020-12-06 23:41:01','0000-00-00 00:00:00',1,1),(260,'VINAYAKA HOSPITAL','Bedded hospital',NULL,NULL,'4','180','900',NULL,'3',NULL,'DEVARAKONDA',1,'2020-12-06 23:41:01','0000-00-00 00:00:00',1,1),(261,'MEDICARE HOSPITAL','Bedded hospital',NULL,NULL,'8','180','1440',NULL,'3',NULL,'K MALLEPALLY',1,'2020-12-06 23:41:01','0000-00-00 00:00:00',1,1),(262,'SRI SAI HARSHA HOSPITAL','Bedded hospital',NULL,NULL,'5','180','900',NULL,'3',NULL,'K MALLEPALLY',1,'2020-12-06 23:41:01','0000-00-00 00:00:00',1,1),(263,'GANESH HOSPITAL','Bedded hospital',NULL,NULL,'4','180','900',NULL,'3',NULL,'K MALLEPALLY',1,'2020-12-06 23:41:01','0000-00-00 00:00:00',1,1),(264,'ADITYA CARE HOSPITAL ','Bedded hospital',NULL,NULL,'50','225','7500',NULL,'3',NULL,'HALIYA',1,'2020-12-06 23:41:01','0000-00-00 00:00:00',1,1),(265,'NIRMALA HEALTH CARE HOSPITAL','Bedded hospital',NULL,NULL,'30','225','6750',NULL,'3',NULL,'HALIYA',1,'2020-12-06 23:41:01','0000-00-00 00:00:00',1,1),(266,'SAMATHA CHILDRENS HOSPITAL','Bedded hospital',NULL,NULL,'4','180','720',NULL,'3',NULL,'NEREDCHARLA',1,'2020-12-06 23:41:01','0000-00-00 00:00:00',1,1),(267,'DIVYA NURSING HOME','Bedded hospital',NULL,NULL,'5','180','900',NULL,'3',NULL,'NEREDCHARLA',1,'2020-12-06 23:41:01','0000-00-00 00:00:00',1,1),(268,'SWAPNA HOSPITAL','Bedded hospital',NULL,NULL,'10','180','1500',NULL,'3',NULL,'BHOINGIR',1,'2020-12-06 23:41:01','0000-00-00 00:00:00',1,1),(269,'MANASA HOSPITAL','Bedded hospital',NULL,NULL,'13','180','1860',NULL,'3',NULL,'BHOINGIR',1,'2020-12-06 23:41:01','0000-00-00 00:00:00',1,1),(270,'EBR NURSING HOME','Bedded hospital',NULL,NULL,'6','180','900',NULL,'3',NULL,'BHOINGIR',1,'2020-12-06 23:41:02','0000-00-00 00:00:00',1,1),(271,'SRI SWATHI HOSPITAL','Bedded hospital',NULL,NULL,'5','180','750',NULL,'3',NULL,'BHOINGIR',1,'2020-12-06 23:41:02','0000-00-00 00:00:00',1,1),(272,'AJAY NURSING HOME','Bedded hospital',NULL,NULL,'5','180','750',NULL,'3',NULL,'BHOINGIR',1,'2020-12-06 23:41:02','0000-00-00 00:00:00',1,1),(273,'NAVYA NURSING HOME','Bedded hospital',NULL,NULL,'18','180','2700',NULL,'3',NULL,'BHOINGIR',1,'2020-12-06 23:41:02','0000-00-00 00:00:00',1,1),(274,'SANDHYA NURSING HOME','Bedded hospital',NULL,NULL,'7','180','1000',NULL,'3',NULL,'BHOINGIR',1,'2020-12-06 23:41:02','0000-00-00 00:00:00',1,1),(275,'RADHAKRISHNA HOSPITAL','Bedded hospital',NULL,NULL,'9','180','1350',NULL,'3',NULL,'BHOINGIR',1,'2020-12-06 23:41:02','0000-00-00 00:00:00',1,1),(276,'PRASANTHI MULTISPECIALITY HOSPITAL','Bedded hospital',NULL,NULL,'20','180','3000',NULL,'3',NULL,'BHOINGIR',1,'2020-12-06 23:41:02','0000-00-00 00:00:00',1,1),(277,'SUMANTH EYE HOSPITAL','Bedded hospital',NULL,NULL,'2','180','750',NULL,'3',NULL,'BHOINGIR',1,'2020-12-06 23:41:02','0000-00-00 00:00:00',1,1),(278,'VINUTHNA ORTHOPEDIC HOSPITAL','Bedded hospital',NULL,NULL,'10','180','1500',NULL,'3',NULL,'BHOINGIR',1,'2020-12-06 23:41:02','0000-00-00 00:00:00',1,1),(279,'KASTHURI HOSPITAL','Bedded hospital',NULL,NULL,'15','180','2250',NULL,'3',NULL,'BHOINGIR',1,'2020-12-06 23:41:02','0000-00-00 00:00:00',1,1),(280,'SRI VIJAYA NURSING HOME','Bedded hospital',NULL,NULL,'10','180','1500',NULL,'3',NULL,'ALAIR',1,'2020-12-06 23:41:02','0000-00-00 00:00:00',1,1),(281,'SUDHA NURSING HOME','Bedded hospital',NULL,NULL,'5','180','750',NULL,'3',NULL,'ALAIR',1,'2020-12-06 23:41:02','0000-00-00 00:00:00',1,1),(282,'ARPITHA NURSING HOME','Bedded hospital',NULL,NULL,'20','180','3000',NULL,'3',NULL,'ALAIR',1,'2020-12-06 23:41:02','0000-00-00 00:00:00',1,1),(283,'PRASANTHI NURSING HOME','Bedded hospital',NULL,NULL,'20','180','3000',NULL,'3',NULL,'CHOUTUPPAL',1,'2020-12-06 23:41:02','0000-00-00 00:00:00',1,1),(284,'ADWIK DENTAL HOSPITAL','Clinic',NULL,NULL,NULL,NULL,'700',NULL,'3',NULL,'NALGONDA',1,'2020-12-06 23:43:33','0000-00-00 00:00:00',1,1),(285,'VIJAYA DENTAL CLINIC','Clinic',NULL,NULL,NULL,NULL,'700',NULL,'3',NULL,'NALGONDA',1,'2020-12-06 23:43:33','0000-00-00 00:00:00',1,1),(286,'PARTHA DENTAL HOSPITAL','Clinic',NULL,NULL,NULL,NULL,'1100',NULL,'3',NULL,'NALGONDA',1,'2020-12-06 23:43:33','0000-00-00 00:00:00',1,1),(287,'GMS DENTAL CLINIC','Clinic',NULL,NULL,NULL,NULL,'700',NULL,'3',NULL,'NALGONDA',1,'2020-12-06 23:43:33','0000-00-00 00:00:00',1,1),(288,'ARUN SMILE CARE DENTAL HOSPITAL','Clinic',NULL,NULL,NULL,NULL,'700',NULL,'3',NULL,'NALGONDA',1,'2020-12-06 23:43:33','0000-00-00 00:00:00',1,1),(289,'SAI TEJA DIAGNOSTICS','Clinic',NULL,NULL,NULL,NULL,'1200',NULL,'3',NULL,'NALGONDA',1,'2020-12-06 23:43:33','0000-00-00 00:00:00',1,1),(290,'JAGRUTHI DIAGNOSTICS','Clinic',NULL,NULL,NULL,NULL,'1200',NULL,'3',NULL,'NALGONDA',1,'2020-12-06 23:43:33','0000-00-00 00:00:00',1,1),(291,'TYROCARE SERVICE CENTER','Clinic',NULL,NULL,NULL,NULL,'900',NULL,'3',NULL,'NALGONDA',1,'2020-12-06 23:43:33','0000-00-00 00:00:00',1,1),(292,'VENKATESWARA DIAGNOSTICS (V. Manohar)','Clinic',NULL,NULL,NULL,NULL,'900',NULL,'3',NULL,'NALGONDA',1,'2020-12-06 23:43:33','0000-00-00 00:00:00',1,1),(293,'PRIME SCAN CENTER','Clinic',NULL,NULL,NULL,NULL,'900',NULL,'3',NULL,'NALGONDA',1,'2020-12-06 23:43:34','0000-00-00 00:00:00',1,1),(294,'S.SIVAMANI DENTAL HOSPITAL','Clinic',NULL,NULL,NULL,NULL,'900',NULL,'3',NULL,'NALGONDA',1,'2020-12-06 23:43:34','0000-00-00 00:00:00',1,1),(295,'SRI DOCTORS DIAGNOSTIC CENTER','Clinic',NULL,NULL,NULL,NULL,'900',NULL,'3',NULL,'NALGONDA',1,'2020-12-06 23:43:34','0000-00-00 00:00:00',1,1),(296,'RAJU DIAGNOSTIC CENTER','Clinic',NULL,NULL,NULL,NULL,'800',NULL,'3',NULL,'NALGONDA',1,'2020-12-06 23:43:34','0000-00-00 00:00:00',1,1),(297,'UROVISION HOSPITAL','Clinic',NULL,NULL,NULL,NULL,'900',NULL,'3',NULL,'NALGONDA',1,'2020-12-06 23:43:34','0000-00-00 00:00:00',1,1),(298,'ANU DIAGNOSTIC','Clinic',NULL,NULL,NULL,NULL,'1200',NULL,'3',NULL,'NALGONDA',1,'2020-12-06 23:43:34','0000-00-00 00:00:00',1,1),(299,'VETERNITY HOSPITAL','Clinic',NULL,NULL,NULL,NULL,'3300',NULL,'3',NULL,'NALGONDA',1,'2020-12-06 23:43:34','0000-00-00 00:00:00',1,1),(300,'CHINMAYA HOSPITAL','Clinic',NULL,NULL,NULL,NULL,'1000',NULL,'3',NULL,'NALGONDA',1,'2020-12-06 23:43:34','0000-00-00 00:00:00',1,1),(301,'SRI BALAJI DIAGNOSTIC CENTRE','Clinic',NULL,NULL,NULL,NULL,'900',NULL,'3',NULL,'NALGONDA',1,'2020-12-06 23:43:34','0000-00-00 00:00:00',1,1),(302,'RIVER DIAGNOSTIC CENTRE','Clinic',NULL,NULL,NULL,NULL,'1000',NULL,'3',NULL,'NALGONDA',1,'2020-12-06 23:43:34','0000-00-00 00:00:00',1,1),(303,'SRI JHANSI CHILDREN HOSPITAL','Clinic',NULL,NULL,NULL,NULL,'720',NULL,'3',NULL,'NALGONDA',1,'2020-12-06 23:43:34','0000-00-00 00:00:00',1,1),(304,'SRI RAMA LABORATORY','Clinic',NULL,NULL,NULL,NULL,'900',NULL,'3',NULL,'NALGONDA',1,'2020-12-06 23:43:34','0000-00-00 00:00:00',1,1),(305,'RED CROSS BLOOD BANK','Clinic',NULL,NULL,NULL,NULL,'1200',NULL,'3',NULL,'NALGONDA',1,'2020-12-06 23:43:34','0000-00-00 00:00:00',1,1),(306,'LOHITHA HOSPITAL & DIAGNOSTIC CENTER','Clinic',NULL,NULL,NULL,NULL,'900',NULL,'3',NULL,'NALGONDA',1,'2020-12-06 23:43:34','0000-00-00 00:00:00',1,1),(307,'RAVI CLINIC','Clinic',NULL,NULL,NULL,NULL,'900',NULL,'3',NULL,'NALGONDA',1,'2020-12-06 23:43:34','0000-00-00 00:00:00',1,1),(308,'STAR CLINIC','Clinic',NULL,NULL,NULL,NULL,'900',NULL,'3',NULL,'NALGONDA',1,'2020-12-06 23:43:34','0000-00-00 00:00:00',1,1),(309,'SRI VENKATESWARA DIAGNOSTIC CENTER','Clinic',NULL,NULL,NULL,NULL,'900',NULL,'3',NULL,'NALGONDA',1,'2020-12-06 23:43:34','0000-00-00 00:00:00',1,1),(310,'BHARATH SPECIALITY CLINIC & DIAGNOSTIC CENTER','Clinic',NULL,NULL,NULL,NULL,'1000',NULL,'3',NULL,'NALGONDA',1,'2020-12-06 23:43:34','0000-00-00 00:00:00',1,1),(311,'RIVER BLOOD BANK','Clinic',NULL,NULL,NULL,NULL,'4000',NULL,'3',NULL,'NALGONDA',1,'2020-12-06 23:43:34','0000-00-00 00:00:00',1,1),(312,'NALGONDA SUPER DENTAL','Clinic',NULL,NULL,NULL,NULL,'700',NULL,'3',NULL,'NALGONDA',1,'2020-12-06 23:43:34','0000-00-00 00:00:00',1,1),(313,'LAXMAN DIAGNOSTIC CENTER','Clinic',NULL,NULL,NULL,NULL,'800',NULL,'3',NULL,'MIRYALAGUDA',1,'2020-12-06 23:43:34','0000-00-00 00:00:00',1,1),(314,'SEVEN HILLS LAB','Clinic',NULL,NULL,NULL,NULL,'1200',NULL,'3',NULL,'MIRYALAGUDA',1,'2020-12-06 23:43:34','0000-00-00 00:00:00',1,1),(315,'VAMSI ENT HOSPITAL','Clinic',NULL,NULL,NULL,NULL,'900',NULL,'3',NULL,'MIRYALAGUDA',1,'2020-12-06 23:43:34','0000-00-00 00:00:00',1,1),(316,'PRASAD CHEST HOSPITAL','Clinic',NULL,NULL,NULL,NULL,'900',NULL,'3',NULL,'MIRYALAGUDA',1,'2020-12-06 23:43:34','0000-00-00 00:00:00',1,1),(317,'SRI SURYA DIAGNOSTIC CENTER','Clinic',NULL,NULL,NULL,NULL,'1000',NULL,'3',NULL,'MIRYALAGUDA',1,'2020-12-06 23:43:34','0000-00-00 00:00:00',1,1),(318,'SATISH DIABETIC CENTER','Clinic',NULL,NULL,NULL,NULL,'900',NULL,'3',NULL,'MIRYALAGUDA',1,'2020-12-06 23:43:34','0000-00-00 00:00:00',1,1),(319,'TEJA DENTAL HOSPITAL','Clinic',NULL,NULL,NULL,NULL,'900',NULL,'3',NULL,'MIRYALAGUDA',1,'2020-12-06 23:43:34','0000-00-00 00:00:00',1,1),(320,'PUJITHA DENTAL','Clinic',NULL,NULL,NULL,NULL,'800',NULL,'3',NULL,'MIRYALAGUDA',1,'2020-12-06 23:43:34','0000-00-00 00:00:00',1,1),(321,'HAPPY TEETH DENTAL HOSPITAL','Clinic',NULL,NULL,NULL,NULL,'900',NULL,'3',NULL,'MIRYALAGUDA',1,'2020-12-06 23:43:34','0000-00-00 00:00:00',1,1),(322,'PRASANTHI DENTAL','Clinic',NULL,NULL,NULL,NULL,'900',NULL,'3',NULL,'MIRYALAGUDA',1,'2020-12-06 23:43:35','0000-00-00 00:00:00',1,1),(323,'KALYANI DENTAL CLINIC','Clinic',NULL,NULL,NULL,NULL,'900',NULL,'3',NULL,'MIRYALAGUDA',1,'2020-12-06 23:43:35','0000-00-00 00:00:00',1,1),(324,'RUDHIRA BLOOD BANK','Clinic',NULL,NULL,NULL,NULL,'1200',NULL,'3',NULL,'MIRYALAGUDA',1,'2020-12-06 23:43:35','0000-00-00 00:00:00',1,1),(325,'SRI VIJAYA  CHEST HOSPITAL','Clinic',NULL,NULL,NULL,NULL,'1000',NULL,'3',NULL,'MIRYALAGUDA',1,'2020-12-06 23:43:35','0000-00-00 00:00:00',1,1),(326,'PARTHA DENTAL HOSPITAL','Clinic',NULL,NULL,NULL,NULL,'1100',NULL,'3',NULL,'SURYAPET',1,'2020-12-06 23:43:35','0000-00-00 00:00:00',1,1),(327,'SRI SAI RAM DIAGNOSTIC CENTER','Clinic',NULL,NULL,NULL,NULL,'800',NULL,'3',NULL,'SURYAPET',1,'2020-12-06 23:43:35','0000-00-00 00:00:00',1,1),(328,'THE SURYAPET HOSPITAL','Clinic',NULL,NULL,NULL,NULL,'1800',NULL,'3',NULL,'SURYAPET',1,'2020-12-06 23:43:35','0000-00-00 00:00:00',1,1),(329,'SRI VENKATA SAI NURSING HOME','Clinic',NULL,NULL,NULL,NULL,'1000',NULL,'3',NULL,'SURYAPET',1,'2020-12-06 23:43:35','0000-00-00 00:00:00',1,1),(330,'VINAYAKA HOSPITAL','Clinic',NULL,NULL,NULL,NULL,'1800',NULL,'3',NULL,'SURYAPET',1,'2020-12-06 23:43:35','0000-00-00 00:00:00',1,1),(331,'SRI KAMALA HOSPITAL & DIAGNOSTIC CENTER','Clinic',NULL,NULL,NULL,NULL,'1000',NULL,'3',NULL,'SURYAPET',1,'2020-12-06 23:43:35','0000-00-00 00:00:00',1,1),(332,'OM SAI CHILDRENS HOSPITAL','Clinic',NULL,NULL,NULL,NULL,'720',NULL,'3',NULL,'SURYAPET',1,'2020-12-06 23:43:35','0000-00-00 00:00:00',1,1),(333,'RC CHILDRENS HOSPITAL','Clinic',NULL,NULL,NULL,NULL,'',NULL,'3',NULL,'SURYAPET',1,'2020-12-06 23:43:35','0000-00-00 00:00:00',1,1),(334,'SRI NIDHI NURSING HOME','Clinic',NULL,NULL,NULL,NULL,'1800',NULL,'3',NULL,'SURYAPET',1,'2020-12-06 23:43:35','0000-00-00 00:00:00',1,1),(335,'SIVA JYOTHI NURSING HOME','Clinic',NULL,NULL,NULL,NULL,'3600',NULL,'3',NULL,'SURYAPET',1,'2020-12-06 23:43:35','0000-00-00 00:00:00',1,1),(336,'MANI SUPERSPECIALITY DENTAL HOSPITAL','Clinic',NULL,NULL,NULL,NULL,'600',NULL,'3',NULL,'SURYAPET',1,'2020-12-06 23:43:35','0000-00-00 00:00:00',1,1),(337,'SRI SAI DIAGNOSTIC CENTER','Clinic',NULL,NULL,NULL,NULL,'700',NULL,'3',NULL,'SURYAPET',1,'2020-12-06 23:43:35','0000-00-00 00:00:00',1,1),(338,'SURESH EYE HOSPITAL','Clinic',NULL,NULL,NULL,NULL,'900',NULL,'3',NULL,'SURYAPET',1,'2020-12-06 23:43:35','0000-00-00 00:00:00',1,1),(339,'LAZER EYE HOSPITAL','Clinic',NULL,NULL,NULL,NULL,'900',NULL,'3',NULL,'SURYAPET',1,'2020-12-06 23:43:35','0000-00-00 00:00:00',1,1),(340,'SADRUSHAYA MULTISPECIALITY DENTAL HOSPITAL','Clinic',NULL,NULL,NULL,NULL,'900',NULL,'3',NULL,'SURYAPET',1,'2020-12-06 23:43:35','0000-00-00 00:00:00',1,1),(341,'NEW SAI LAB','Clinic',NULL,NULL,NULL,NULL,'900',NULL,'3',NULL,'SURYAPET',1,'2020-12-06 23:43:35','0000-00-00 00:00:00',1,1),(342,'SIVA SAI DIAGNOSTIC','Clinic',NULL,NULL,NULL,NULL,'1000',NULL,'3',NULL,'NAKREKAL',1,'2020-12-06 23:43:35','0000-00-00 00:00:00',1,1),(343,'APEX DIAGNOSTIC CENTER','Clinic',NULL,NULL,NULL,NULL,'900',NULL,'3',NULL,'NAKREKAL',1,'2020-12-06 23:43:35','0000-00-00 00:00:00',1,1),(344,'DEVI DIAGNOSTIC & SCANNING CENTER','Clinic',NULL,NULL,NULL,NULL,'1200',NULL,'3',NULL,'Kodad',1,'2020-12-06 23:43:35','0000-00-00 00:00:00',1,1),(345,'SATYA DIAGNOSTIC CENTER','Clinic',NULL,NULL,NULL,NULL,'600',NULL,'3',NULL,'Kodad',1,'2020-12-06 23:43:35','0000-00-00 00:00:00',1,1),(346,'NITHYA SRI DENTAL','Clinic',NULL,NULL,NULL,NULL,'700',NULL,'3',NULL,'Kodad',1,'2020-12-06 23:43:35','0000-00-00 00:00:00',1,1),(347,'SURYA DIAGNOSTIC CENTER','Clinic',NULL,NULL,NULL,NULL,'1200',NULL,'3',NULL,'Kodad',1,'2020-12-06 23:43:35','0000-00-00 00:00:00',1,1),(348,'KODAD DIAGNOSTIC CENTER','Clinic',NULL,NULL,NULL,NULL,'900',NULL,'3',NULL,'Kodad',1,'2020-12-06 23:43:35','0000-00-00 00:00:00',1,1),(349,'PRAGATHI VAIDYASALA','Clinic',NULL,NULL,NULL,NULL,'720',NULL,'3',NULL,'Kodad',1,'2020-12-06 23:43:35','0000-00-00 00:00:00',1,1),(350,'MEGHANA DIAGNOSTIC CENTER','Clinic',NULL,NULL,NULL,NULL,'900',NULL,'3',NULL,'Kodad',1,'2020-12-06 23:43:35','0000-00-00 00:00:00',1,1),(351,'Q LAB DIAGNOSTIC','Clinic',NULL,NULL,NULL,NULL,'1200',NULL,'3',NULL,'Kodad',1,'2020-12-06 23:43:35','0000-00-00 00:00:00',1,1),(352,'SRI PRASANTHI NURSING HOME','Clinic',NULL,NULL,NULL,NULL,'600',NULL,'3',NULL,'HUZURNAGAR',1,'2020-12-06 23:43:35','0000-00-00 00:00:00',1,1),(353,'HARI KRISHNA MEDICAL & DIAGNOSTIC CENTER','Clinic',NULL,NULL,NULL,NULL,'1000',NULL,'3',NULL,'HUZURNAGAR',1,'2020-12-06 23:43:35','0000-00-00 00:00:00',1,1),(354,'HI-TECH DIAGNOSTIC CENTER','Clinic',NULL,NULL,NULL,NULL,'900',NULL,'3',NULL,'DEVARAKONDA',1,'2020-12-06 23:43:36','0000-00-00 00:00:00',1,1),(355,'SRI SAI VENKATESWARA DENTAL HOSPITAL','Clinic',NULL,NULL,NULL,NULL,'800',NULL,'3',NULL,'DEVARAKONDA',1,'2020-12-06 23:43:36','0000-00-00 00:00:00',1,1),(356,'NEW LIFE DIAGNOSTIC CENTER','Clinic',NULL,NULL,NULL,NULL,'800',NULL,'3',NULL,'DEVARAKONDA',1,'2020-12-06 23:43:36','0000-00-00 00:00:00',1,1),(357,'Lalitha Mother Child & General Hospital','Clinic',NULL,NULL,NULL,NULL,'1000',NULL,'3',NULL,'HALIYA',1,'2020-12-06 23:43:36','0000-00-00 00:00:00',1,1),(358,'Jyothi Diagnostic Center','Clinic',NULL,NULL,NULL,NULL,'1000',NULL,'3',NULL,'HALIYA',1,'2020-12-06 23:43:36','0000-00-00 00:00:00',1,1),(359,'PERFECTO SMILE DENTAL CLINIC','Clinic',NULL,NULL,NULL,NULL,'750',NULL,'3',NULL,'CHITYALA',1,'2020-12-06 23:43:36','0000-00-00 00:00:00',1,1),(360,'VENNELA DIAGNOSIC CENTER','Clinic',NULL,NULL,NULL,NULL,'750',NULL,'3',NULL,'CHITYALA',1,'2020-12-06 23:43:36','0000-00-00 00:00:00',1,1),(361,'LAXMI SAI DIAGNOSTIC CENTER','Clinic',NULL,NULL,NULL,NULL,'750',NULL,'3',NULL,'CHITYALA',1,'2020-12-06 23:43:36','0000-00-00 00:00:00',1,1),(362,'SHIVA CLINIC','Clinic',NULL,NULL,NULL,NULL,'750',NULL,'3',NULL,'CHITYALA',1,'2020-12-06 23:43:36','0000-00-00 00:00:00',1,1),(363,'BHASKAR HOSPITAL','Clinic',NULL,NULL,NULL,NULL,'750',NULL,'3',NULL,'CHITYALA',1,'2020-12-06 23:43:36','0000-00-00 00:00:00',1,1),(364,'PATH CARE LAB','Clinic',NULL,NULL,NULL,NULL,'600',NULL,'3',NULL,'BHOINGIR',1,'2020-12-06 23:43:36','0000-00-00 00:00:00',1,1),(365,'Dr.MURALI CLINIC','Clinic',NULL,NULL,NULL,NULL,'600',NULL,'3',NULL,'ALAIR',1,'2020-12-06 23:43:36','0000-00-00 00:00:00',1,1),(366,'SRI SAI CHILDREN HOSPITAL','Clinic',NULL,NULL,NULL,NULL,'600',NULL,'3',NULL,'ALAIR',1,'2020-12-06 23:43:36','0000-00-00 00:00:00',1,1),(367,'MAMATHA NURSING HOME','Clinic',NULL,NULL,NULL,NULL,'600',NULL,'3',NULL,'ALAIR',1,'2020-12-06 23:43:36','0000-00-00 00:00:00',1,1),(368,'JANANI HOSPITAL','Clinic',NULL,NULL,NULL,NULL,'800',NULL,'3',NULL,'VALIGONDA',1,'2020-12-06 23:43:36','0000-00-00 00:00:00',1,1),(369,'CHIRANJEEVI HOSPITAL','Clinic',NULL,NULL,NULL,NULL,'600',NULL,'3',NULL,'VALIGONDA',1,'2020-12-06 23:43:36','0000-00-00 00:00:00',1,1),(370,'SRI VENKATESWARA HOSPITAL','Clinic',NULL,NULL,NULL,NULL,'600',NULL,'3',NULL,'CHOUTUPPAL',1,'2020-12-06 23:43:36','0000-00-00 00:00:00',1,1),(371,'PRAJA VAIDYASALA','Clinic',NULL,NULL,NULL,NULL,'600',NULL,'3',NULL,'CHOUTUPPAL',1,'2020-12-06 23:43:36','0000-00-00 00:00:00',1,1),(372,'SUDHA CHILDRENS HOSPITAL','Clinic',NULL,NULL,NULL,NULL,'600',NULL,'3',NULL,'CHOUTUPPAL',1,'2020-12-06 23:43:36','0000-00-00 00:00:00',1,1),(373,'General Hospital','Bedded hospital',NULL,NULL,'250','150','37500',NULL,'3',NULL,'Nalgonda',1,'2020-12-07 00:04:16','0000-00-00 00:00:00',1,1),(374,'Community Health Center','Bedded hospital',NULL,NULL,'100','75','7500',NULL,'3',NULL,'Devarakonda',1,'2020-12-07 00:04:16','0000-00-00 00:00:00',1,1),(375,'Area Hospital','Bedded hospital',NULL,NULL,'100','150','15000',NULL,'3',NULL,'Miryalaguda',1,'2020-12-07 00:04:16','0000-00-00 00:00:00',1,1),(376,'Area Hospital','Bedded hospital',NULL,NULL,'100','150','15000',NULL,'3',NULL,'N.Sagar',1,'2020-12-07 00:04:16','0000-00-00 00:00:00',1,1),(377,'Ts Genco','Bedded hospital',NULL,NULL,'','','2000',NULL,'3',NULL,'N.Sagar',1,'2020-12-07 00:04:16','0000-00-00 00:00:00',1,1),(378,'Natco Pharma','Bedded hospital',NULL,NULL,'','','',NULL,'3',NULL,'N.Sagar',1,'2020-12-07 00:04:16','0000-00-00 00:00:00',1,1),(379,'Dr.Reddy Laborataries Ltd','Bedded hospital',NULL,NULL,'','','10000',NULL,'3',NULL,'Devulapally',1,'2020-12-07 00:04:16','0000-00-00 00:00:00',1,1),(380,'Kamineni  Institute Of Medical Sciences & Hospital','Bedded hospital',NULL,NULL,'1000','15','150000',NULL,'3',NULL,'Narketpally',1,'2020-12-07 00:04:16','0000-00-00 00:00:00',1,1),(381,'Kamineni Institute Of Dental Sciences','Bedded hospital',NULL,NULL,'332','75.3','25000',NULL,'3',NULL,'Narketpally',1,'2020-12-07 00:04:16','0000-00-00 00:00:00',1,1),(382,'Community Health Center','Bedded hospital',NULL,NULL,'30','150','4500',NULL,'3',NULL,'Nakrekal',1,'2020-12-07 00:04:16','0000-00-00 00:00:00',1,1),(383,'General Hospital','Bedded hospital',NULL,NULL,'300','50','15000',NULL,'3',NULL,'Suryapet',1,'2020-12-07 00:04:16','0000-00-00 00:00:00',1,1),(384,'Community Health Center','Bedded hospital',NULL,NULL,'30','150','4500',NULL,'3',NULL,'Kodad',1,'2020-12-07 00:04:16','0000-00-00 00:00:00',1,1),(385,'Area Hospital','Bedded hospital',NULL,NULL,'100','150','15000',NULL,'3',NULL,'Huzurnagar',1,'2020-12-07 00:04:16','0000-00-00 00:00:00',1,1),(386,'My Home Industries','Bedded hospital',NULL,NULL,'','','6500',NULL,'3',NULL,'Mellacheruvu',1,'2020-12-07 00:04:16','0000-00-00 00:00:00',1,1),(387,'Priya Cement','Bedded hospital',NULL,NULL,'','','5000',NULL,'3',NULL,'Ramapuram',1,'2020-12-07 00:04:16','0000-00-00 00:00:00',1,1),(388,'Zuvari Cement','Bedded hospital',NULL,NULL,'','','5500',NULL,'3',NULL,'Dondapadu',1,'2020-12-07 00:04:16','0000-00-00 00:00:00',1,1),(389,'Sagar Cement','Bedded hospital',NULL,NULL,'','','',NULL,'3',NULL,'Mattampally',1,'2020-12-07 00:04:16','0000-00-00 00:00:00',1,1),(390,'Nagarjuna Cement','Bedded hospital',NULL,NULL,'','','',NULL,'3',NULL,'Mattampally',1,'2020-12-07 00:04:16','0000-00-00 00:00:00',1,1),(391,'Community Health Center','Bedded hospital',NULL,NULL,'30','150','4500',NULL,'3',NULL,'Bhoingir',1,'2020-12-07 00:04:16','0000-00-00 00:00:00',1,1),(392,'Divis Lab','Bedded hospital',NULL,NULL,'','','10000',NULL,'3',NULL,'Choutuppal',1,'2020-12-07 00:04:17','0000-00-00 00:00:00',1,1),(393,'Optimus Drugs Pvt Ltd','Bedded hospital',NULL,NULL,'','','10000',NULL,'3',NULL,'Choutuppal',1,'2020-12-07 00:04:17','0000-00-00 00:00:00',1,1),(394,'Community Health Center','Bedded hospital',NULL,NULL,'30','150','4500',NULL,'3',NULL,'Choutuppal',1,'2020-12-07 00:04:17','0000-00-00 00:00:00',1,1),(395,'Community Health Center','Bedded hospital',NULL,NULL,'30','150','4500',NULL,'3',NULL,'Ramannapet',1,'2020-12-07 00:04:17','0000-00-00 00:00:00',1,1),(396,'Community Health Center','Bedded hospital',NULL,NULL,'30','150','4500',NULL,'3',NULL,'Alair',1,'2020-12-07 00:04:17','0000-00-00 00:00:00',1,1);

/*Table structure for table `hospital_mothly_bill` */

DROP TABLE IF EXISTS `hospital_mothly_bill`;

CREATE TABLE `hospital_mothly_bill` (
  `h_m_b_id` int(11) NOT NULL AUTO_INCREMENT,
  `hospital_types` longtext,
  `cnt` int(11) DEFAULT '1',
  `hospital` varchar(250) DEFAULT NULL,
  `month` varchar(250) DEFAULT NULL,
  `month_name` varchar(250) DEFAULT NULL,
  `no_beds` varchar(250) DEFAULT NULL,
  `cost_per_month` varchar(250) DEFAULT NULL,
  `total_amount` varchar(250) DEFAULT NULL,
  `year` varchar(250) DEFAULT NULL,
  `status` int(12) DEFAULT '1',
  `date` varchar(250) DEFAULT NULL,
  `created_at` timestamp NOT NULL DEFAULT CURRENT_TIMESTAMP ON UPDATE CURRENT_TIMESTAMP,
  `updated_at` timestamp NOT NULL DEFAULT '0000-00-00 00:00:00',
  `created_by` int(12) DEFAULT NULL,
  `notification_status` int(12) DEFAULT '1' COMMENT '1=active;2=delete;3=edit;0=deactive;',
  PRIMARY KEY (`h_m_b_id`)
) ENGINE=InnoDB DEFAULT CHARSET=latin1;

/*Data for the table `hospital_mothly_bill` */

/*Table structure for table `months` */

DROP TABLE IF EXISTS `months`;

CREATE TABLE `months` (
  `m_id` int(11) NOT NULL AUTO_INCREMENT,
  `months` varchar(250) DEFAULT NULL,
  `status` int(12) DEFAULT '1',
  `created_at` timestamp NOT NULL DEFAULT CURRENT_TIMESTAMP ON UPDATE CURRENT_TIMESTAMP,
  `updated_at` timestamp NOT NULL DEFAULT '0000-00-00 00:00:00',
  `created_by` int(12) DEFAULT NULL,
  PRIMARY KEY (`m_id`)
) ENGINE=InnoDB DEFAULT CHARSET=latin1;

/*Data for the table `months` */

/*Table structure for table `notifications_list` */

DROP TABLE IF EXISTS `notifications_list`;

CREATE TABLE `notifications_list` (
  `n_id` int(11) NOT NULL AUTO_INCREMENT,
  `s_id` int(12) DEFAULT NULL,
  `h_id` int(12) DEFAULT NULL,
  `h_m_b_id` int(12) DEFAULT NULL,
  `p_id` int(12) DEFAULT NULL,
  `e_id` int(12) DEFAULT NULL,
  `notification_status` int(12) DEFAULT '1',
  `readcount` int(12) DEFAULT '0',
  `created_at` datetime DEFAULT NULL,
  `updated_at` datetime DEFAULT NULL,
  `created_by` int(12) DEFAULT NULL,
  PRIMARY KEY (`n_id`)
) ENGINE=InnoDB AUTO_INCREMENT=1141 DEFAULT CHARSET=latin1;

/*Data for the table `notifications_list` */

insert  into `notifications_list`(`n_id`,`s_id`,`h_id`,`h_m_b_id`,`p_id`,`e_id`,`notification_status`,`readcount`,`created_at`,`updated_at`,`created_by`) values (1135,NULL,NULL,NULL,1,NULL,2,0,NULL,'2020-11-03 12:53:03',1),(1136,NULL,NULL,NULL,1,NULL,2,0,NULL,'2020-11-03 12:54:58',1),(1137,6,NULL,NULL,NULL,NULL,3,0,NULL,'2020-11-03 13:07:25',1),(1138,NULL,1,NULL,NULL,NULL,2,0,NULL,'2020-11-30 12:37:51',1),(1139,NULL,2,NULL,NULL,NULL,2,0,NULL,'2020-11-30 12:39:03',1),(1140,NULL,2,NULL,NULL,NULL,2,0,NULL,'2020-11-30 12:39:03',1);

/*Table structure for table `payments` */

DROP TABLE IF EXISTS `payments`;

CREATE TABLE `payments` (
  `p_id` int(11) NOT NULL AUTO_INCREMENT,
  `h_m_b_id` int(12) DEFAULT NULL,
  `s_id` int(12) DEFAULT NULL,
  `hospital` varchar(250) DEFAULT NULL,
  `month_name` varchar(250) DEFAULT NULL,
  `m_name` varchar(250) DEFAULT NULL,
  `investment_amount` varchar(250) DEFAULT NULL,
  `year` varchar(250) DEFAULT NULL,
  `hospitals_name` longtext,
  `months_names` varchar(250) DEFAULT NULL,
  `year_name` varchar(250) DEFAULT NULL,
  `sales_person` varchar(250) DEFAULT NULL,
  `total_amount` varchar(250) DEFAULT NULL,
  `pending_amount` varchar(250) DEFAULT NULL,
  `paid_amount` varchar(250) DEFAULT NULL,
  `discount` varchar(250) DEFAULT NULL,
  `paid_money` varchar(250) DEFAULT NULL,
  `payment_type` longtext,
  `trans_action_no` longtext,
  `cheque_no` longtext,
  `status` int(12) DEFAULT '1' COMMENT '1=sucess;0=pending;2=delete;3=unclear;',
  `created_at` timestamp NOT NULL DEFAULT CURRENT_TIMESTAMP ON UPDATE CURRENT_TIMESTAMP,
  `updated_at` timestamp NOT NULL DEFAULT '0000-00-00 00:00:00',
  `cheque_updated_at` timestamp NULL DEFAULT NULL,
  `created_by` int(12) DEFAULT NULL,
  `notification_status` int(12) DEFAULT '1' COMMENT '1=active;2=delete;3=edit;0=deactive;',
  PRIMARY KEY (`p_id`)
) ENGINE=InnoDB AUTO_INCREMENT=2 DEFAULT CHARSET=latin1;

/*Data for the table `payments` */

insert  into `payments`(`p_id`,`h_m_b_id`,`s_id`,`hospital`,`month_name`,`m_name`,`investment_amount`,`year`,`hospitals_name`,`months_names`,`year_name`,`sales_person`,`total_amount`,`pending_amount`,`paid_amount`,`discount`,`paid_money`,`payment_type`,`trans_action_no`,`cheque_no`,`status`,`created_at`,`updated_at`,`cheque_updated_at`,`created_by`,`notification_status`) values (1,NULL,6,NULL,NULL,NULL,'10',NULL,'Investment','3','2020','sankar','0',NULL,NULL,NULL,NULL,'1','trans123456','cheq456789',2,'2020-11-03 12:54:58','2020-11-03 12:54:58',NULL,1,2);

/*Table structure for table `salespersons` */

DROP TABLE IF EXISTS `salespersons`;

CREATE TABLE `salespersons` (
  `s_id` int(11) NOT NULL AUTO_INCREMENT,
  `name` longtext,
  `email` varchar(250) DEFAULT NULL,
  `password` varchar(250) DEFAULT NULL,
  `org_password` varchar(250) DEFAULT NULL,
  `mobile_number` longtext,
  `alt_mobile_number` varchar(250) DEFAULT NULL,
  `aadhar_number` varchar(250) DEFAULT NULL,
  `qualification` longtext,
  `dob` varchar(250) DEFAULT NULL,
  `address` longtext,
  `status` int(12) DEFAULT '1',
  `created_at` timestamp NOT NULL DEFAULT CURRENT_TIMESTAMP ON UPDATE CURRENT_TIMESTAMP,
  `updated_at` timestamp NOT NULL DEFAULT '0000-00-00 00:00:00',
  `created_by` int(12) DEFAULT NULL,
  `otp` text,
  `opt_created_at` timestamp NULL DEFAULT NULL,
  `notification_status` int(12) DEFAULT '1' COMMENT '1=active;2=delete;3=edit;0=deactive;',
  PRIMARY KEY (`s_id`)
) ENGINE=InnoDB AUTO_INCREMENT=9 DEFAULT CHARSET=latin1;

/*Data for the table `salespersons` */

insert  into `salespersons`(`s_id`,`name`,`email`,`password`,`org_password`,`mobile_number`,`alt_mobile_number`,`aadhar_number`,`qualification`,`dob`,`address`,`status`,`created_at`,`updated_at`,`created_by`,`otp`,`opt_created_at`,`notification_status`) values (6,'siva','siva@gmail.com','e10adc3949ba59abbe56e057f20f883e','123456','7013319036','9874563211','1225852222222','degree','2020-11-27','hyderabad',1,'2020-11-03 13:07:25','2020-11-03 13:07:25',1,NULL,NULL,3),(7,'pal','pal@gmail.com','e10adc3949ba59abbe56e057f20f883e','123456','9874563211','8099010155','122575744635656','degree','2020-11-28','hyderabad',1,'2020-11-03 13:06:41','2020-11-03 13:06:41',1,NULL,NULL,1),(8,'charan','charan@gmail.com','e10adc3949ba59abbe56e057f20f883e','123456','7013319036','9874563211','985685222222','degree','2020-11-28','hyd',1,'2020-11-03 17:16:29','2020-11-03 17:16:29',1,NULL,NULL,1);

/*Table structure for table `town` */

DROP TABLE IF EXISTS `town`;

CREATE TABLE `town` (
  `t_id` int(11) NOT NULL AUTO_INCREMENT,
  `district_name` varchar(250) DEFAULT NULL,
  `town_name` longtext,
  `status` int(12) DEFAULT '1',
  `created_at` timestamp NOT NULL DEFAULT CURRENT_TIMESTAMP ON UPDATE CURRENT_TIMESTAMP,
  `updated_at` timestamp NOT NULL DEFAULT '0000-00-00 00:00:00',
  `created_by` int(12) DEFAULT NULL,
  PRIMARY KEY (`t_id`)
) ENGINE=InnoDB DEFAULT CHARSET=latin1;

/*Data for the table `town` */

/*!40101 SET SQL_MODE=@OLD_SQL_MODE */;
/*!40014 SET FOREIGN_KEY_CHECKS=@OLD_FOREIGN_KEY_CHECKS */;
/*!40014 SET UNIQUE_CHECKS=@OLD_UNIQUE_CHECKS */;
/*!40111 SET SQL_NOTES=@OLD_SQL_NOTES */;
